bay=search.summary&orgid=10001,10001
bay=search.summary&orgid=10002,10002
bay=search.summary&orgid=10014,10014
bay=search.summary&orgid=10026,10026
bay=search.summary&orgid=10034,10034
bay=search.summary&orgid=10047,10047
bay=search.summary&orgid=10055,10055
bay=search.summary&orgid=10059,10059
bay=search.summary&orgid=10061,10061
bay=search.summary&orgid=10064,10064
bay=search.summary&orgid=10068,10068
bay=search.summary&orgid=10080,10080
bay=search.summary&orgid=10103,10103
bay=search.summary&orgid=10106,10106
bay=search.summary&orgid=10110,10110
bay=search.summary&orgid=10111,10111
bay=search.summary&orgid=10120,10120
bay=search.summary&orgid=10128,10128
bay=search.summary&orgid=10129,10129
bay=search.summary&orgid=10134,10134
bay=search.summary&orgid=10140,10140
bay=search.summary&orgid=10154,10154
bay=search.summary&orgid=10155,10155
bay=search.summary&orgid=10161,10161
bay=search.summary&orgid=10162,10162
bay=search.summary&orgid=10164,10164
bay=search.summary&orgid=10169,10169
bay=search.summary&orgid=10174,10174
bay=search.summary&orgid=10179,10179
bay=search.summary&orgid=10180,10180
bay=search.summary&orgid=10189,10189
bay=search.summary&orgid=10190,10190