Org ID, Org Name, Address, Website, Ranking, Total Revenue, Category
10087,The Acadiana Outreach Center, 125 South Buchanan Street,http://www.acadianaoutreach.org/,1 stars,$-56435,Human Services : Social Services
10184,Activated Ministries, 735 S Vinewood St,http://www.activatedministries.org,1 stars,$2529549,Religion : Religious Activities
15381,Actors Playhouse, 280 Miracle Mile,http://www.actorsplayhouse.org/,1 stars,$3620171,Arts Culture Humanities : Performing Arts
12503,The Aidmatrix Foundation, P.O. Box 631086,http://aidmatrix.org,1 stars,$3781039,International : Development and Relief Services
8802,AIDS Community Research Initiative of America, 575 8th Avenue,http://acria.org,1 stars,$2597001,Health : Diseases Disorders and Disciplines
7701,AIDS Research Alliance, 1400 S. Grand Ave,http://www.aidsresearch.org/,1 stars,$1898949,Health : Medical Research
10661,Airline Ambassadors International, 1500 Massachusetts NW,http://www.airlineamb.org/,1 stars,$407209,International : International Peace Security and Affairs
7261,Alabama Shakespeare Festival, One Festival Drive,http://www.asf.net/,1 stars,$5712197,Arts Culture Humanities : Performing Arts
13639,The Alabama Sheriffs' Youth Ranches, 2680 Bell Road,http://www.sheriffsranch.org/,1 stars,$1566272,Human Services : Youth Development Shelter and Crisis Services
6766,Albany Institute of History & Art, 125 Washington Avenue,http://www.albanyinstitute.org/,1 stars,$1232752,Arts Culture Humanities : Museums
13763,All India Mission, 11252 Strang Line,,1 stars,$1600948,Religion : Religious Activities
10853,Alley Cat Rescue, P.O. Box 585,http://www.saveacat.org,1 stars,$1021589,Animals : Animal Rights Welfare and Services
5521,Ambassadors for Christ International - USA, 1355 Terrell Mill Road,http://afci.us/,1 stars,$965813,Religion : Religious Activities
9549,American Architectural Foundation, 2101 L Street NW,http://www.archfoundation.org,1 stars,$2230588,Public Benefit : Community and Housing Development
8004,American Breast Cancer Foundation, 1220 B East Joppa Road,http://www.abcf.org/,1 stars,$959635,Health : Diseases Disorders and Disciplines
12586,American Center for Law and Justice - District of Columbia, PO Box 90555,,1 stars,$1012222,Public Benefit : Advocacy and Civil Rights
4918,American Friends of Ateret Cohanim, 470 Seventh Avenue,http://www.ateret.org.il/english/,1 stars,$1036408,International : Foreign Charity Support Organizations
11351,American Friends of Beit Issie Shapiro, 51 East 42nd Street,http://en.beitissie.org.il/international/united-states/welcome/,1 stars,$1056547,International : Foreign Charity Support Organizations
14119,American Friends of Chabad of Thailand, 80 Shore Road,http://www.jewishthailand.com/,1 stars,$1759369,International : Foreign Charity Support Organizations
13240,American Friends of Kupat Hair, 4415 14th Avenue,http://www.kupat.org/worldwide/,1 stars,$4066298,International : Foreign Charity Support Organizations
13458,American Friends of Rabbinical College of Telzstone, 510 Second Street,,1 stars,$7594693,International : Foreign Charity Support Organizations
3264,American Institute for Cancer Research, Department IHW1,http://www.aicr.org,1 stars,$21740772,Health : Medical Research
12968,The American Spectator Foundation, 1611 North Kent Street,http://spectator.org/,1 stars,$2585553,Arts Culture Humanities : Public Broadcasting and Media
14577,American Values, P.O. Box 1223,http://ouramericanvalues.org/,1 stars,$1173809,Public Benefit : Advocacy and Civil Rights
7831,America's Family Coaches, 2540 106th Street,http://www.americasfamilycoaches.com/,1 stars,$1116999,Religion : Religious Media and Broadcasting
15254,America's Packard Museum, 420 South Ludlow Street,http://www.americaspackardmuseum.org/,1 stars,$1251702,Arts Culture Humanities : Museums
9225,Anderson Animal Shelter, 1000 South La Fox Street,http://www.andersonanimalshelter.org/,1 stars,$786763,Animals : Animal Rights Welfare and Services
13854,Appalshop, 91 Madison Ave,http://appalshop.org/,1 stars,$1031115,Arts Culture Humanities : Performing Arts
14139,Arctic Barnabas Ministries, 135 North Willow Street,http://arcticbarnabas.org/,1 stars,$1113854,Religion : Religious Activities
14089,Areivim Philanthropic Group, 6 East 39th Street,,1 stars,$1879054,Public Benefit : Fundraising Organizations
10099,Arkansas Sheriffs' Youth Ranches, P.O. Box 3964,http://www.youthranches.com/,1 stars,$2089692,Human Services : Children's and Family Services
14461,Armenian Gospel Mission, 2650 East Foothill Boulevard,http://armeniangospelmission.org/,1 stars,$1203899,International : Development and Relief Services
12995,As You Sow, 1611 Telegraph Avenue,http://AsYouSow.org,1 stars,$1450474,Environment : Environmental Protection and Conservation
15106,Association of Waldorf Schools of North America, 2142A Washtenaw Avenue,http://www.whywaldorfworks.org/,1 stars,$1796286,Education : Other Education Programs and Services
8994,The Atlanta Opera, 1575 Northside Drive NW,http://www.atlantaopera.org/,1 stars,$4099149,Arts Culture Humanities : Performing Arts
3762,Back to the Bible, 6400 Cornhusker Highway,,1 stars,$6592991,Religion : Religious Media and Broadcasting
9058,Back to the Bible Foundation, 6400 Cornhusker Highway,http://www.backtothebible.org/,1 stars,$1110920,Public Benefit : Fundraising Organizations
4915,Bayith Lepleitot, 1362 East 21st Street,http://www.mnemotrix.com/girlstown/index.html,1 stars,$7831423,International : Foreign Charity Support Organizations
3361,Bible Broadcasting Network, P.O. Box 7300,http://www.bbnradio.org,1 stars,$12022932,Religion : Religious Media and Broadcasting
14071,Bible Education & Missionary Service, 15444 Duckworth Road,,1 stars,$1433072,Religion : Religious Media and Broadcasting
8978,Bill of Rights Institute, 200 North Glebe Road,http://www.billofrightsinstitute.org/,1 stars,$2260016,Education : Other Education Programs and Services
12873,BIO Ventures for Global Health, 401 Terry Avenue North,http://www.bvgh.org,1 stars,$2324090,Health : Medical Research
12782,BLESS USA, P.O.Box 384,http://www.blessusa.org,1 stars,$1106533,International : Foreign Charity Support Organizations
5476,B'nai B'rith International, 1120 20th Street NW,http://bnaibrith.org,1 stars,$7002140,International : Foreign Charity Support Organizations
10120,Bread of Life Mission, 97 S. Main Street,http://www.breadoflifemission.org/,1 stars,$3278877,Human Services : Homeless Services
12695,Breast Cancer Prevention Fund, PO Box 1508,http://breastcancerpreventionfund.org,1 stars,$2087660,Health : Treatment and Prevention Services
5826,The Breast Cancer Relief Foundation, 615 Baronne Street,,1 stars,$7037240,Health : Diseases Disorders and Disciplines
13563,Calcutta Mercy Ministries, 200 West McIntosh Road,http://www.buntain.org/,1 stars,$1738874,International : Development and Relief Services
8649,California Center for the Arts Escondido, 340 North Escondido Boulevard,http://www.artcenter.org/,1 stars,$3453255,Arts Culture Humanities : Performing Arts
12523,California Dental Association Foundation, 1201 K Street,http://www.cdafoundation.org,1 stars,$2305924,Health : Diseases Disorders and Disciplines
5797,California Police Activities League, 2000 East Fourteenth Street,http://www.calpal.org/,1 stars,$1104950,Human Services : Youth Development Shelter and Crisis Services
11703,California Wilderness Coalition, P.O. Box 11094,http://www.calwild.org,1 stars,$480868,Animals : Wildlife Conservation
11372,Cancer Lifeline, Dorothy S. O'Brien Center,http://www.cancerlifeline.org/,1 stars,$948588,Health : Patient and Family Support
11787,Cancer Support Services, Cancer Support Services,http://www.cancersupportservices.net/,1 stars,$9805984,Public Benefit : Fundraising Organizations
11554,Catholic Answers, 2020 Gillespie Way,,1 stars,$6024488,Religion : Religious Activities
7761,Catholics United for the Faith, 827 North Fourth Street,http://www.cuf.org,1 stars,$1126753,Religion : Religious Activities
14057,Caucus Educational Corporation, 25 Pompton Avenue,,1 stars,$3221189,Arts Culture Humanities : Public Broadcasting and Media
15234,The Center for Courageous Kids, 1501 Burnley Road,http://www.courageouskids.org/,1 stars,$1967608,Health : Patient and Family Support
10480,Center for Mind-Body Medicine, 5225 Connecticut Ave. NW,http://www.cmbm.org,1 stars,$1159928,Health : Patient and Family Support
6161,Charity Motors, 10431 Grand River Avenue,http://www.charitymotors.org/,1 stars,$7145993,Human Services : Social Services
6980,Charles H. Wright Museum of African American History, 315 East Warren Avenue,http://thewright.org/index.php,1 stars,$4295057,Arts Culture Humanities : Museums
9669,Cherokee National Historical Society, 21192 Keeler,,1 stars,$1547380,Arts Culture Humanities : Libraries Historical Societies and Landmark Preservation
6698,Children's Bible Fellowship of New York, 250 Nimham Road,,1 stars,$914287,Religion : Religious Activities
7032,Children's Cancer Research Fund, 7301 Ohms Lane,http://www.childrenscancer.org/,1 stars,$9301640,Health : Diseases Disorders and Disciplines
11024,Children's Lifeline, 194 Sunset Drive,http://www.childrenslifeline.com/,1 stars,$3253585,International : Development and Relief Services
14144,Christ Reaching Asia Mission Worldwide, 601 Lincoln Avenue,http://www.cramwinc.org/,1 stars,$1355867,International : Development and Relief Services
14078,Christian Healing Ministries Inc., 438 West 67th Street,,1 stars,$1477021,Religion : Religious Activities
9509,Christian Life Resources, 3070 Helsan Drive,,1 stars,$678100,Religion : Religious Activities
5077,Christian Research Institute, P.O. Box 8500,http://www.equip.org,1 stars,$3628811,Religion : Religious Media and Broadcasting
3403,CIS Development Foundation, 77 Milltown Road,http://www.cisdf.org,1 stars,$43810215,International : Humanitarian Relief Supplies
6134,The Citizenship Education Fund, 930 East 50th Street,,1 stars,$2877141,Public Benefit : Research and Public Policy Institutions
6806,CJ Foundation for SIDS, HUMC - WFAN Pediatric Center,http://www.cjsids.org/,1 stars,$992744,Health : Diseases Disorders and Disciplines
14323,Clearwater Camp Foundation, 7490 East Clearwater Road,http://www.clearwatercamp.org/,1 stars,$1301161,Public Benefit : Fundraising Organizations
10346,Coalition for Pulmonary Fibrosis, 10866 W. Washington Boulevard,http://www.coalitionforpf.org/,1 stars,$637965,Health : Diseases Disorders and Disciplines
14224,Community Soup Kitchen and Outreach Center Inc., 36 South Street,http://cskmorristown.org/,1 stars,$1353925,Human Services : Food Banks Food Pantries and Food Distribution
3557,Concerned Women for America, 1015 Fifteenth Street NW,http://www.cwfa.org,1 stars,$6306146,Public Benefit : Advocacy and Civil Rights
8091,The Conservative Caucus Research Analysis & Education Foundation, 450 Maple Avenue E,http://www.conservativeusa.org,1 stars,$450271,Public Benefit : Research and Public Policy Institutions
6742,Contemplative Outreach, 10 Park Place,http://www.contemplativeoutreach.org/,1 stars,$953480,Religion : Religious Activities
14027,Cook Inlet Regional Citizens Advisory Council, 8195 Kenai Spur Highway,http://circac.org/,1 stars,$1222049,Environment : Environmental Protection and Conservation
14094,Creative Ministries Inc., 1875 Junction Road,http://wjtl.com/,1 stars,$1897518,Religion : Religious Media and Broadcasting
11705,Crescent Project, P. O. Box 50986,http://crescentproject.org,1 stars,$1022107,Religion : Religious Activities
10847,Crossroads Nogales Mission, 338 Morley Avenue,http://crossroadnewlifecenter.org/,1 stars,$1131232,Human Services : Homeless Services
3603,D.E.L.T.A. Rescue (Dedication and Everlasting Love to Animals), P.O. Box 9,http://www.deltarescue.org,1 stars,$7603249,Animals : Animal Rights Welfare and Services
9842,Dance Exchange, 7117 Maple Avenue,http://www.danceexchange.org,1 stars,$367172,Arts Culture Humanities : Performing Arts
15300,DAPCEP, 2111 Woodward Avenue,http://www.dapcep.org/,1 stars,$3472170,Education : Other Education Programs and Services
11277,The David Project, P.O. Box 52390,http://www.davidproject.org,1 stars,$2824763,Education : Other Education Programs and Services
7766,DIFFA, 200 Lexington Avenue,http://www.diffa.org,1 stars,$1602822,Health : Diseases Disorders and Disciplines
11923,Dream House for Medically Fragile Children, 2092 Scenic Highway,,1 stars,$237053,Health : Patient and Family Support
6894,Eastside Community Ministry, 221 Stillwell Street,http://www.eastsideministry.org/,1 stars,$591637,Human Services : Homeless Services
13966,Emmanuel Christian Seminary, One Walker Drive,http://www.ecs.edu/ECS/Home.aspx,1 stars,$4243548,Education : Universities Graduate Schools and Technological Institutes
10262,Emmaus H.O.M.E., P.O. Box 10,http://www.homemmausa.org/,1 stars,$1053228,Public Benefit : Community and Housing Development
5447,The European Institute, 1001 Connecticut Avenue NW,http://www.europeaninstitute.org,1 stars,$706714,International : International Peace Security and Affairs
14262,Evangel Ministries Inc., 1909 West Second Street,http://919.thefamily.net/home-919.php,1 stars,$1307690,Religion : Religious Media and Broadcasting
13478,Excellent Education for Everyone, 123 Church Street,http://www.nje3.org/,1 stars,$645740,Education : Other Education Programs and Services
11079,Faith and Action, 109 2nd Street NE,http://faithandaction.org,1 stars,$1816861,Religion : Religious Activities
6934,Faith Mission of Elkhart, 801 Benham Avenue,http://thefaithmission.org/,1 stars,$2375908,Human Services : Homeless Services
8850,Family Emergency Shelter Coalition, 21455 Birch Street,http://www.fescofamilyshelter.org,1 stars,$961377,Human Services : Homeless Services
3686,Family Radio, 290 Hegenberger Road,http://www.familyradio.com,1 stars,$35989939,Religion : Religious Media and Broadcasting
5003,The Fellowship of Reconciliation, 521 North Broadway,,1 stars,$1328215,International : International Peace Security and Affairs
10273,Find the Children, 2656 29th Street,http://www.findthechildren.com/,1 stars,$705797,Public Benefit : Advocacy and Civil Rights
8337,First Night Boston, 36 Bromfield Street,http://www.firstnight.org/,1 stars,$844823,Arts Culture Humanities : Performing Arts
12295,Flatbush Volunteers of Hatzoloh, 1880 Ocean Ave.,,1 stars,$1042100,Health : Treatment and Prevention Services
5191,FOCAS, 64 East McMicken Avenue,,1 stars,$625845,International : Development and Relief Services
11379,The Forge for Families, 3435 Dixie Drive,http://www.forgeforfamilies.org/,1 stars,$1059062,Human Services : Children's and Family Services
7672,Foundation for Children with Cancer, 11414 West Park Place,http://www.childrenwithcancer.org/,1 stars,$257217,Health : Patient and Family Support
10182,Foundation to Eradicate Duchenne, P.O. Box 2371,http://www.duchennemd.org/,1 stars,$868867,Public Benefit : Fundraising Organizations
13624,Friends of Refugees of Eastern Europe Inc., 2935 W. Devon Avenue,http://www.obshina.com/,1 stars,$1059478,Human Services : Social Services
13609,Fund for Boston Neighborhoods, PO Box 961555,http://www.fbni.org/,1 stars,$1936573,Public Benefit : Community and Housing Development
3747,General Israel Orphans Home for Girls USA, 132 Nassau Street,http://www.gioh.org,1 stars,$4176327,International : Foreign Charity Support Organizations
7544,The Genesis Foundation for Children, 1347 Main Street,http://www.thegenfound.org/,1 stars,$698583,Public Benefit : Fundraising Organizations
8521,Georgia Sheriffs' Association, 3000 Highway 42 North,http://www.georgiasheriffs.org,1 stars,$2565215,Human Services : Multipurpose Human Service Organizations
4933,Girls' Town/Or Chadash, 1431 Coney Island Avenue,http://www.gtoc.org/,1 stars,$1867495,Religion : Religious Activities
4957,Givat Haviva Educational Foundation, 114 West 26th Street,http://www.givathaviva.org,1 stars,$363807,International : International Peace Security and Affairs
14105,Global Celebration, P.O. Box 755,http://www.globalcelebration.com/,1 stars,$2835907,Religion : Religious Activities
14452,Global Solutions for Infectious Diseases, 830 Dubugue Avenue,,1 stars,$1302771,Health : Medical Research
13792,Global Training Network, 7558 W. Thunderbird Rd.,http://www.globaltrainingnetwork.org/,1 stars,$2388365,Religion : Religious Activities
11673,GOAL USA, 41 Union Square,http://www.goalusa.org/,1 stars,$569885,International : Development and Relief Services
8002,Goodwill Rescue Mission, 79 University Avenue,,1 stars,$2020417,Human Services : Homeless Services
13969,Grounds for Sculpture Inc., 18 Fairgrounds Road,http://www.groundsforsculpture.org/,1 stars,$3823364,Arts Culture Humanities : Museums
14447,Haitian Christian Mission, 4550 Highway 20 SE,http://www.haitianchristianmission.org/,1 stars,$1509999,Religion : Religious Activities
6798,The Haitian Project, P.O. Box 6891,http://haitianproject.org/,1 stars,$1170785,International : Development and Relief Services
4963,Hale House Center, 152 West 122nd Street,http://www.halehouse.org,1 stars,$2360251,Human Services : Youth Development Shelter and Crisis Services
6334,Harrison International, 2109 East 69th Street,http://www.increase.org,1 stars,$1276593,Religion : Religious Activities
5235,Hasten Hebrew Academy of Indianapolis, 6602 Hoover Road,http://www.hhai.org/,1 stars,$2662561,Education : Private Elementary and Secondary Schools
3813,Help Hospitalized Veterans, 36585 Penfield Lane,http://www.hhv.org,1 stars,$24713978,Human Services : Social Services
7722,Heritage for the Blind, 2071 Flatbush Avenue,http://www.hftb.org/,1 stars,$4164022,Human Services : Social Services
14942,Hilton Head Symphony Orchestra, 2 Park Lane,,1 stars,$1419732,Arts Culture Humanities : Performing Arts
6701,Hineni, 232 West End Avenue,http://www.hineni.org/,1 stars,$1834959,Religion : Religious Activities
14830,Historic Columbia, 1601 Richland Street,http://www.historiccolumbia.org/,1 stars,$2820019,Arts Culture Humanities : Libraries Historical Societies and Landmark Preservation
9037,Home for Life, P.O. Box 847,http://www.homeforlife.org/,1 stars,$905815,Animals : Animal Rights Welfare and Services
8459,HomeWord, P.O. Box 1600,http://www.homeword.com,1 stars,$737497,Religion : Religious Activities
13972,Hope Center for Kids, 2200 North 20th Street,http://www.hopecenterforkids.com/,1 stars,$1474327,Human Services : Youth Development Shelter and Crisis Services
8175,Hospice Education Institute, Three Unity Square,http://www.hospiceworld.org/,1 stars,$2451868,Human Services : Social Services
14573,The Houe FM, P.O. Box 14,,1 stars,$1423389,Arts Culture Humanities : Public Broadcasting and Media
3835,House Research Institute, 2100 West Third Street,http://www.hei.org,1 stars,$13154022,Health : Medical Research
8705,Houston Festival Foundation, 3711 Clinton Drive,http://www.ifest.org/,1 stars,$1997650,Arts Culture Humanities : Performing Arts
15167,IberoAmerican Ministries, P.O. Box 1493,http://www.iamweb.org/home.html,1 stars,$2077912,Religion : Religious Activities
12387,IDEAS, 7851 South Elati,http://www.ideasworld.org/,1 stars,$3346944,International : Development and Relief Services
3858,The Imus Ranch, P.O. Box 250,http://www.imus.com/imus-ranch/,1 stars,$1841063,Health : Patient and Family Support
13519,Inspire Women, 1415 South Voss,http://inspirewomen.org/,1 stars,$1614769,Education : Other Education Programs and Services
5380,Institute for Foreign Policy Analysis, 675 Massachusetts Avenue,http://www.ifpa.org,1 stars,$2523863,International : International Peace Security and Affairs
14467,Institute for Middle East Understanding, 2913 El Camino Real #436,http://imeu.org/,1 stars,$1197031,International : International Peace Security and Affairs
3871,Institute for Student Achievement (ISA), One Old Country Road,http://www.studentachievement.org,1 stars,$1740727,Education : Other Education Programs and Services
13806,Institute for the Analysis of Global Security, 7811 Montrose Rd.,http://www.iags.org/,1 stars,$1319899,International : International Peace Security and Affairs
6565,The Interfaith Alliance Foundation, 1250 24th Street NW,http://www.interfaithalliance.org,1 stars,$1048221,Religion : Religious Activities
5517,International Board of Jewish Missions, P.O. Box 1386,http://www.ibjm.org,1 stars,$3059307,Religion : Religious Activities
13981,International Conservation Caucus Foundation, 3250 Prospect Street NW,,1 stars,$1425363,Environment : Environmental Protection and Conservation
3891,International Foundation for Education and Self-Help, 5040 East Shea Boulevard,http://www.ifesh.org,1 stars,$4824699,International : Development and Relief Services
10753,Interreligious Foundation for Community Organization, 418 West 145th Street,http://www.ifconews.org/,1 stars,$521698,International : Humanitarian Relief Supplies
13250,Iran Alive Ministries, P.O. Box 702925,http://iranaliveministries.org/,1 stars,$1772585,Religion : Religious Activities
14585,Iranian American Jewish Federation of New York, 770 Middle Neck Road,https://www.iajfny.org/,1 stars,$2728410,Public Benefit : Fundraising Organizations
3913,Jack Van Impe Ministries International, P.O. Box 7004,http://www.jvim.com,1 stars,$12755432,Religion : Religious Media and Broadcasting
9719,Jazz Aspen Snowmass, 110 East Hallam Street,http://jazzaspen.org,1 stars,$5971428,Arts Culture Humanities : Performing Arts
15350,The Jefferson Awards Foundation, 100 West Tenth Street,http://www.jeffersonawards.org/,1 stars,$2301082,Education : Other Education Programs and Services
9428,Jewish Campus Life Fund, 606 West 115th Street,http://www.hillel.columbia.edu/,1 stars,$2041650,Religion : Religious Activities
5945,Jewish Center for Community Services, 4200 Park Avenue,http://www.jccs.org/,1 stars,$3626052,Public Benefit : Fundraising Organizations
8234,Jewish Federation of El Paso, 5740 North Mesa Street,http://www.jewishelpaso.org/,1 stars,$1299954,Public Benefit : Fundraising Organizations
12568,Jewish Federation of the Sacramento Region, 2014 Capitol Avenue,http://www.jewishsac.org,1 stars,$606577,Public Benefit : Fundraising Organizations
13674,JOY FM Radio, 13358 Manchester Road,http://www.joyfmonline.org/,1 stars,$4964504,Religion : Religious Media and Broadcasting
8440,Just One Life/Nefesh Achat B'Yisrael, 587 Fifth Avenue,http://www.justonelife.org/,1 stars,$813769,International : Foreign Charity Support Organizations
11154,Kaiserman JCC, 45 Haverford Road,http://www.phillyjcc.com,1 stars,$995328,Human Services : Multipurpose Human Service Organizations
8698,Kentucky Horse Park Foundation, 4089 Iron Works Parkway,http://khpfoundation.org/,1 stars,$2264624,Animals : Animal Rights Welfare and Services
13244,The Kidney TRUST, 1350 Bayshore Highway,http://kidneytrust.org/,1 stars,$307704,Health : Diseases Disorders and Disciplines
12181,Kingsway Charities, 1119 Commonwealth Avenue,http://www.kingswaycharities.org,1 stars,$164650120,International : Humanitarian Relief Supplies
10950,Koinonia House, P.O. Box D,,1 stars,$2659970,Religion : Religious Activities
11749,Korean War National Museum, 47 West Division Street,http://www.kwnm.org/,1 stars,$1302056,Arts Culture Humanities : Museums
15133,Lakeland Public Television, 1500 Birchmont Drive NE #9,http://www.lptv.org/,1 stars,$3214301,Arts Culture Humanities : Public Broadcasting and Media
7117,The Larry King Cardiac Foundation, 15720 Crabbs Branch Way,http://www.lkcf.org,1 stars,$789979,Health : Diseases Disorders and Disciplines
9410,LEADership Education and Development, 1075 Peachtree St NE,http://www.leadprogram.org,1 stars,$2461506,Education : Other Education Programs and Services
14438,Lexington Institute, 1600 Wilson Boulevard,http://www.lexingtoninstitute.org/,1 stars,$2350609,Public Benefit : Research and Public Policy Institutions
14392,Life Network, 3700 Galley Road,http://www.elifenetwork.com/,1 stars,$1194403,Health : Treatment and Prevention Services
12256,LifeLight Communications, 2601 South Western Avenue,http://www.lifelight.org/,1 stars,$2062159,Religion : Religious Activities
7565,Life-Study Fellowship, 90 Heights Road,,1 stars,$1939971,Religion : Religious Media and Broadcasting
6409,Light Bearers Ministry, 37457 Jasper Lowell Road,http://www.lbm.org/,1 stars,$1998390,Religion : Religious Media and Broadcasting
11499,The Light House Mission Ministries, 1450 Wabash Avenue,,1 stars,$1637306,Human Services : Homeless Services
9308,Little Brothers - Friends of the Elderly Twin Cities Chapter, 1845 East Lake Street,http://www.littlebrothersmn.org/,1 stars,$583214,Human Services : Social Services
4928,Little Shelter Animal Rescue and Adoption Center, 33 Warner Road,http://www.littleshelter.com/,1 stars,$2791796,Animals : Animal Rights Welfare and Services
14265,Living Hope International, P.O. Box 116,http://lovehopemercy.org/index.html,1 stars,$1253202,International : Foreign Charity Support Organizations
9310,LOGOI, 14540 Southwest 136th Street,http://logoi.org,1 stars,$524663,Religion : Religious Activities
11090,Long Island Teen Challenge, 309 Old Farmingdale Road,http://www.LongIslandTC.com,1 stars,$2405587,Health : Treatment and Prevention Services
14339,Louisiana Symphony Association, 7330 Highland Road,http://brso.org/,1 stars,$1439478,Arts Culture Humanities : Performing Arts
14228,M.O.R.E Project, 10855 South River Front Parkway,http://www.themoreproject.org,1 stars,$1937175,International : Development and Relief Services
14715,Malachi House, 2810 Clinton Avenue,http://www.malachihouse.org/,1 stars,$1324562,Human Services : Social Services
13336,Masonic Home of Georgia, P.O. Box 4183,http://www.masonichomeofgeorgia.com/,1 stars,$1970131,Human Services : Children's and Family Services
9333,MassINC, 11 Beacon Street,http://www.massinc.org/,1 stars,$1746916,Public Benefit : Research and Public Policy Institutions
8768,Mastermedia International, 330 North Sixth Street,,1 stars,$1715716,Religion : Religious Activities
14453,Meals on Wheels of Contra Costa, P.O. Box,http://www.mealsonwheelsofcontracosta.org/,1 stars,$1455621,Human Services : Social Services
4067,Medical Development for Israel, 295 Madison Avenue,http://mdinyc.org,1 stars,$1137660,International : Foreign Charity Support Organizations
12809,MEOR, P.O. Box 279,http://meor.org/,1 stars,$5032483,Religion : Religious Activities
12781,Michigan Paralyzed Veterans of America, 40550 Grand River Avenue,http://www.michiganpva.org/,1 stars,$658308,Public Benefit : Advocacy and Civil Rights
14108,Mighty Horn Ministries, 1011 Park Lane,,1 stars,$2068878,Religion : Religious Media and Broadcasting
14490,Milwaukee Jewish Day School, 6401 North Santa Monica Boulevard,http://www.mjds.org/,1 stars,$4082135,Education : Private Elementary and Secondary Schools
7231,Mission to Haiti, P.O. Box 523157,http://www.missiontohaiti.org/,1 stars,$669642,International : Foreign Charity Support Organizations
10921,Modesto Gospel Mission, 1400 Yosemite Boulevard,,1 stars,$5172245,Human Services : Homeless Services
14706,The Mother Divine Program, PO Box 1140,http://motherdivine.org/,1 stars,$2182476,Religion : Religious Activities
11089,Mourning Family Foundation, 100 S. Biscayne Boulevard,http://mourningfamilyfoundation.org,1 stars,$796312,Human Services : Youth Development Shelter and Crisis Services
5326,MPTV Friends, 700 West State Street,http://www.mptv.org,1 stars,$3897885,Public Benefit : Fundraising Organizations
13343,Naples Christian Academy, 3161 Santa Barbara Boulevard,http://www.napleschristian.net/,1 stars,$1885480,Education : Private Elementary and Secondary Schools
4151,NARAL Pro-Choice America Foundation, 1156 Fifteenth Street NW,http://www.ProChoiceAmerica.org,1 stars,$4388855,Public Benefit : Advocacy and Civil Rights
5416,National Center for Public Policy Research, 501 Capitol Court NE,http://www.nationalcenter.org/,1 stars,$8545440,Public Benefit : Research and Public Policy Institutions
7651,National Children's Leukemia Foundation, 7316 Avenue U,http://www.leukemiafoundation.org/,1 stars,$623007,Health : Diseases Disorders and Disciplines
4172,National Council of Negro Women, 633 Pennsylvania Avenue NW,http://www.ncnw.org/,1 stars,$3169173,Public Benefit : Advocacy and Civil Rights
4175,National Emergency Medicine Association, 306 West Joppa Road,http://www.nemahealth.org,1 stars,$1392981,Health : Treatment and Prevention Services
10059,National Fire Safety Council, P.O. Box 378,http://www.nfsc.org/,1 stars,$2937275,Education : Other Education Programs and Services
7109,National Gaucher Foundation, 2227 Idlewood Road,http://www.gaucherdisease.org/,1 stars,$2540618,Health : Diseases Disorders and Disciplines
12345,National Multiple Sclerosis Society Arizona Chapter, 5025 E. Washington Street,http://www.nationalmssociety.org/Chapters/AZA,1 stars,$1378489,Health : Diseases Disorders and Disciplines
8075,National Right to Life Educational Trust Fund, 512 Tenth Street NW,http://www.nrlc.org/,1 stars,$2127978,Public Benefit : Advocacy and Civil Rights
13051,Nativity Prep Academy, 2755 55th Street,http://www.nativityprep.org/,1 stars,$1107339,Education : Private Elementary and Secondary Schools
4822,Neurosciences Research Foundation, 800 Silverado Street,http://www.nsi.edu,1 stars,$1089803,Health : Medical Research
6995,New Detroit, 3011 West Grand Boulevard Suite 1200,http://www.newdetroit.org,1 stars,$1744983,Public Benefit : Advocacy and Civil Rights
4222,New Jersey Symphony Orchestra, 60 Park Place,http://www.njsymphony.org,1 stars,$10573466,Arts Culture Humanities : Performing Arts
14279,New Mexico Christian Children's Home, 1356 NM 236,http://www.nmcch.org/,1 stars,$3472304,Human Services : Children's and Family Services
13486,Newark Now, 112 Jabez Street,http://www.newarknow.org/,1 stars,$2515399,Public Benefit : Community and Housing Development
5503,Nicky Cruz Outreach, P.O. Box 62010,http://www.nickycruz.org,1 stars,$693373,Religion : Religious Media and Broadcasting
10945,Noah's Lost Ark, 8424 Bedell Road,http://noahslostark.org,1 stars,$1868638,Animals : Wildlife Conservation
12504,Nonviolent Peaceforce, 425 Oak Grove Street,http://www.nonviolentpeaceforce.org,1 stars,$1041384,International : International Peace Security and Affairs
4236,Nora Lam Chinese Ministries International, 5442 Thornwood Drive,,1 stars,$4650199,Religion : Religious Activities
9476,Northeast Indiana Public Radio, 3204 Clairmont Court,http://wboi.org/,1 stars,$1556327,Arts Culture Humanities : Public Broadcasting and Media
15339,Noyes Home for Children, 801 North Noyes Boulevard,http://noyeshome.org/,1 stars,$2287937,Human Services : Youth Development Shelter and Crisis Services
13201,Ocean Research & Conservation Association, 1420 Seaway Drive,http://www.teamorca.org/cfiles/home.cfm,1 stars,$829426,Environment : Environmental Protection and Conservation
4258,Ohr Torah Stone Colleges and Graduate Programs, 49 West 45th Street,http://www.ohrtorahstone.org.il,1 stars,$5835780,Religion : Religious Activities
12572,Old Savannah City Mission, 2414 Bull Street,http://www.oscm.org,1 stars,$1144856,Human Services : Homeless Services
11047,Olympia Union Gospel Mission, 413 Franklin Street NE,http://ougm.org/,1 stars,$1373217,Human Services : Homeless Services
8377,Opera Colorado, 695 South Colorado Boulevard,http://www.operacolorado.org/,1 stars,$3600313,Arts Culture Humanities : Performing Arts
13200,Organ Donation And Transplant Association Of America, 108 Lakeshore Drive,http://www.odtaa.org,1 stars,$595672,Public Benefit : Fundraising Organizations
8088,The Orme School of Arizona, HC 63 Box 3040,http://www.ormeschool.org,1 stars,$5467020,Education : Private Elementary and Secondary Schools
5013,ORT America, 75 Maiden Lane,http://www.ortamerica.org,1 stars,$16485924,Education : Other Education Programs and Services
6204,Overlook Foundation, 36 Upper Overlook Road,http://www.overlookfoundation.org/,1 stars,$10358810,Public Benefit : Fundraising Organizations
8880,Partnership for Learning, 520 Pike Street,http://partnership4learning.org,1 stars,$398695,Education : Other Education Programs and Services
14130,Pastoral Leadership Institute, 12300 Ford Road,,1 stars,$1576595,Religion : Religious Activities
15273,The Pav YMCA, 2947 South Oak Park Avenue,http://pavymca.org/,1 stars,$2416092,Human Services : Multipurpose Human Service Organizations
6951,Pax Christi USA, 532 West Eighth Street,http://www.paxchristiusa.org/,1 stars,$562001,Religion : Religious Activities
7267,The Piney Woods School, P.O. Box 57,http://www.pineywoods.org,1 stars,$3849447,Education : Private Elementary and Secondary Schools
5174,Pittsburgh Leadership Foundation (PLF), 100 West Station Square Drive,http://www.plf.org,1 stars,$991615,Human Services : Social Services
5092,Please Touch Museum, 4231 Avenue of the Republic,http://www.pleasetouchmuseum.org,1 stars,$8855561,Arts Culture Humanities : Museums
10669,Police Athletic League of Philadelphia, 2524 East Clearfield Street,http://www.phillypal.com/,1 stars,$2445980,Human Services : Youth Development Shelter and Crisis Services
10080,Population Research Institute, 1190 Progress Drive Suite 2D,http://www.pop.org/,1 stars,$1477544,Public Benefit : Research and Public Policy Institutions
14155,PowerPoint Ministries, 6801 West Park Boulevard,,1 stars,$3969935,Religion : Religious Media and Broadcasting
9029,Pray America, PO Box 14070,http://prayamerica.org/,1 stars,$1392986,Religion : Religious Activities
14526,Price Tower Arts Center, 510 Dewey Avenue,,1 stars,$1125424,Arts Culture Humanities : Museums
4362,Prison Fellowship Ministries, 44180 Riverside Parkway,,1 stars,$40765296,Religion : Religious Activities
4007,ProLiteracy, 104 Marcellus Street,http://www.proliteracy.org/,1 stars,$7726245,Education : Other Education Programs and Services
14100,Ransomed Heart Ministries, 4965 North 30th Street,,1 stars,$3019988,Religion : Religious Activities
14067,Reach the Rest, P.O. Box 218,http://reachtherest.org/,1 stars,$694911,Religion : Religious Activities
9702,Readers Are Leaders Foundation, 801 Texas Avenue,http://www.readersareleadersfoundation.org/,1 stars,$471149,Education : Other Education Programs and Services
12633,Reciprocal Ministries International, 5475 Lee Street,http://www.rminet.org,1 stars,$1670053,International : Development and Relief Services
13453,Redcloud, P.O. Box 130,http://www.campredcloud.org/,1 stars,$1507762,Religion : Religious Activities
5298,Renewal Ministries, P.O. Box 1426,http://www.renewalministries.net,1 stars,$1278747,Religion : Religious Media and Broadcasting
7159,Richmond Hill, 2209 East Grace Street,http://www.richmondhillva.org/,1 stars,$743749,Religion : Religious Activities
14563,Rocketown of Middle Tennessee, 601 Fourth Ave South,http://www.rocketown.org,1 stars,$1452034,Religion : Religious Activities
8646,Rockwern Academy, 8401 Montgomery Road,http://www.rockwernacademy.org/,1 stars,$2053317,Education : Private Elementary and Secondary Schools
9754,Rotary First Harvest, 1201 First Avenue S Suite 327,http://www.firstharvest.org/,1 stars,$13303260,Human Services : Food Banks Food Pantries and Food Distribution
4881,SADD - Students Against Destructive Decisions, 255 Main Street,http://www.sadd.org/,1 stars,$1703465,Health : Treatment and Prevention Services
11002,The Safe America Foundation, 2480 Sandy Plains Road,http://www.safeamerica.org,1 stars,$676043,Public Benefit : Research and Public Policy Institutions
12211,St. Gerard Campus, 1405 U.S. Route One S,,1 stars,$810548,Human Services : Youth Development Shelter and Crisis Services
12898,San Diego Coastkeeper, 2825 Dewey Road,http://www.sdcoastkeeper.org,1 stars,$775676,Environment : Environmental Protection and Conservation
7246,Scripture Memory Mountain Mission, 480 Camp Nathanael Road,,1 stars,$1675837,Religion : Religious Activities
14624,Securing America's Future Energy, 1111 Nineteenth Street NW,http://oilembargo40.org/,1 stars,$1790875,Public Benefit : Research and Public Policy Institutions
9555,Selous Foundation for Public Policy Research, 325 Pennsylvania Avenue SE,http://sfppr.org/,1 stars,$752476,Public Benefit : Research and Public Policy Institutions
7909,The Sentinel Group, P.O. Box 6334,http://www.sentinelgroup.org/,1 stars,$324508,Religion : Religious Activities
12783,Sephardic Food Fund, 8 West 40th St.,,1 stars,$2105300,Human Services : Social Services
8704,Sheriffs' Association of Texas, 1601 South IH 35,http://www.txsheriffs.org/,1 stars,$1933538,Human Services : Multipurpose Human Service Organizations
13888,Show-Me Christian Youth Home, 24302 Mahin Road,,1 stars,$1741607,Human Services : Youth Development Shelter and Crisis Services
7687,SIECUS, 90 John Street,http://www.siecus.com,1 stars,$600899,Health : Treatment and Prevention Services
14765,SIFAT, 2944 County Road 113,http://sifat.org/,1 stars,$1862849,Religion : Religious Activities
12248,Silicon Valley Creates (formerly Arts Council Silicon Valley), 4 North Second Street,http://www.svcreates.org/,1 stars,$2391286,Public Benefit : Fundraising Organizations
13681,Sixth & I, 600 I Street NW,http://sixthandi.org/,1 stars,$3079644,Religion : Religious Activities
4914,Solomon Schechter Day School of Nassau County and High School of Long Island, 27 Cedar Swamp Road,http://www.ssdsnassau.org,1 stars,$9290727,Education : Private Elementary and Secondary Schools
6837,Sons of Italy Foundation, 219 E Street NE,http://www.osia.org/sif/index.php,1 stars,$981620,Public Benefit : Community and Housing Development
7299,SonScape Retreat Ministries, P.O. Box 700,http://sonscape.org/,1 stars,$815245,Religion : Religious Activities
13512,South Bend Hebrew Day School, 206 West 8th Street,,1 stars,$1669098,Education : Private Elementary and Secondary Schools
12778,Special Olympics Louisiana, 1000 East Morris Avenue,http://laso.org/,1 stars,$1922047,Human Services : Multipurpose Human Service Organizations
4502,Stan Hywet Hall & Gardens, 714 North Portage Path,http://www.stanhywet.org,1 stars,$3969005,Arts Culture Humanities : Libraries Historical Societies and Landmark Preservation
14760,Stephen's Children, 3755 36th Street SE,,1 stars,$1174491,International : Development and Relief Services
13553,Suffolk County Police Athletic League, 30 Yaphank Avenue,,1 stars,$1362718,Human Services : Youth Development Shelter and Crisis Services
12681,Summer Camp Opportunities Promote Education (SCOPE), 253 West 35th Street,http://www.scope-ny.org,1 stars,$1067653,Education : Other Education Programs and Services
13655,The Sun Valley Center for the Arts, The Center Ketchum,http://sunvalleycenter.org/,1 stars,$2690544,Arts Culture Humanities : Performing Arts
8368,SuperChannel WACX-TV, 285 West Central Parkway,http://www.wacxtv.com,1 stars,$3230125,Religion : Religious Media and Broadcasting
5247,Sword of the Lord, P.O. Box 1099,http://www.swordofthelord.com,1 stars,$1844386,Religion : Religious Media and Broadcasting
15082,Symphony Orchestra Augusta, 1301 Greene Street,,1 stars,$3280096,Arts Culture Humanities : Performing Arts
7790,Talmudical Yeshiva of Philadelphia, 6063 Drexel Road,,1 stars,$4633300,Education : Private Elementary and Secondary Schools
12775,Teachers Without Borders, P.O. Box 25067,http://www.teacherswithoutborders.com,1 stars,$60713,International : Development and Relief Services
6371,Teen Challenge NorWestCal Nevada, 390 Mathew St,,1 stars,$1346592,Health : Treatment and Prevention Services
9032,Teen Challenge of the Midlands, 900 North League Road,http://www.tcmid.org/,1 stars,$1890510,Health : Treatment and Prevention Services
15398,Texas State Historical Association, 1400 West Highland Street,,1 stars,$1515045,Arts Culture Humanities : Libraries Historical Societies and Landmark Preservation
15414,Texas Tech Alumni Association, McKenzie-Merket Alumni Center,,1 stars,$3090772,Education : Other Education Programs and Services
8334,Thomas More Law Center, P.O. Box 393,http://www.thomasmore.org/,1 stars,$1641607,Public Benefit : Advocacy and Civil Rights
8762,Thoroughbred Retirement Foundation, P.O. Box 3387,http://www.trfinc.org,1 stars,$1687059,Animals : Animal Rights Welfare and Services
13776,Thunderbird Lodge Preservation Society, P.O. Box 6812,http://thunderbirdtahoe.org/,1 stars,$2397767,Arts Culture Humanities : Libraries Historical Societies and Landmark Preservation
7650,Tiger Haven, 237 Harvey Road,http://www.tigerhaven.org/,1 stars,$2661657,Animals : Wildlife Conservation
8400,Tiger Missing Link Foundation, 17552 FM 14,http://www.tigerlink.org/,1 stars,$2862666,Animals : Wildlife Conservation
15451,Tomche Shabbos of Rockland County, 78 College Road,,1 stars,$2157783,Human Services : Social Services
11404,Tomorrows Children's Fund, 30 Prospect Avenue,http://www.atcfkid.com,1 stars,$1742939,Health : Patient and Family Support
6368,Tribe of Judah Motorcycle Ministries International, 123 McClellan Road,,1 stars,$641175,Religion : Religious Activities
5433,U.S. PIRG Education Fund, 44 Winter Street,,1 stars,$1767595,Public Benefit : Advocacy and Civil Rights
9835,Union Mission, P.O. Box,,1 stars,$4849490,Human Services : Homeless Services
5951,United Jewish Federation of Greater Stamford New Canaan and Darien, 1035 Newfield Avenue,http://www.ujf.org/,1 stars,$1535540,Public Benefit : Fundraising Organizations
10020,United Methodist Homes of New Jersey Foundation, 3311 State Route 33,http://www.umhfoundation.org/,1 stars,$1271359,Public Benefit : Fundraising Organizations
11009,United States Justice Foundation, 932 D Street,,1 stars,$4383361,Public Benefit : Research and Public Policy Institutions
13870,United Way of Hudson County, 857 Bergen Avenue,http://www.unitedwayhudson.org/,1 stars,$1963282,Public Benefit : Fundraising Organizations
14638,United Way of Southeast Arkansas, P.O. Box 8702,http://uwseark.org/,1 stars,$1425736,Public Benefit : Fundraising Organizations
12925,University of Maryland Alumni Association, The Samuel Riggs IV Alumni Center,http://alumni.umd.edu/s/1132/start.aspx,1 stars,$3852222,Education : Other Education Programs and Services
15447,UrbanGlass, 647 Fulton Street,http://www.urbanglass.org/,1 stars,$1274862,Arts Culture Humanities : Performing Arts
14333,USA Canoe/Kayak, 725 South Lincoln Boulevard,http://www.teamusa.org/USA-Canoe-Kayak,1 stars,$1001631,Human Services : Multipurpose Human Service Organizations
5985,Vaad L'Hatzolas Nidchei Yisroel, 1566 Coney Island Avenue,http://www.thevaad.com/,1 stars,$789702,Religion : Religious Activities
15253,Valley Interfaith Food & Clothing Center, 420 West Wyoming,http://www.vifcc.org/,1 stars,$1774132,Human Services : Food Banks Food Pantries and Food Distribution
8504,Victory Ministries of Alaska, 64741 South Victory Road,http://www.victorymin.org/,1 stars,$1909634,Religion : Religious Activities
13247,Virgin Unite USA, 65 Bleecker Street,http://www.virgin.com/unite,1 stars,$4961248,International : Foreign Charity Support Organizations
8362,Virginia Opera, 160 East Virginia Beach Boulevard,,1 stars,$7605510,Arts Culture Humanities : Performing Arts
4708,Walk Thru the Bible, 4201 North Peachtree Road,http://www.walkthru.org,1 stars,$4165565,Religion : Religious Media and Broadcasting
15265,Warren Family Mission, 2671 Youngstown Road,http://warrenfamilymission.com/,1 stars,$1048384,Human Services : Homeless Services
5998,The Way to Work, 1290 Avenue of the Americas,http://www.waytoworknyc.org,1 stars,$-181187,Human Services : Social Services
13466,Wayne Council of Parent Teacher Organizations, 50 Nellis Drive,,1 stars,$1217381,Education : Other Education Programs and Services
8200,WCPE, P.O. Box 897,http://theclassicalstation.org,1 stars,$1814583,Arts Culture Humanities : Public Broadcasting and Media
13947,We Care Program, 3493 Highway 21,http://www.wecareprogram.org/,1 stars,$1603756,Religion : Religious Activities
5863,Wildlife WayStation, 14831 Little Tujunga Canyon Road,http://www.wildlifewaystation.org,1 stars,$2217041,Animals : Animal Rights Welfare and Services
4745,Wisconsin Public Broadcasting Foundation, 3319 West Beltline Highway,http://www.ecb.org,1 stars,$11722505,Arts Culture Humanities : Public Broadcasting and Media
10130,Women's Initiative for Self Employment, 1398 Valencia Street,http://www.womensinitiative.org,1 stars,$4170480,Human Services : Social Services
11296,World Link Ministries, P.O. Box 153026,http://www.worldlinkministries.org,1 stars,$1000166,Religion : Religious Activities
5873,World MAP, 1419 North San Fernando Boulevard,http://www.world-map.com,1 stars,$754133,Religion : Religious Media and Broadcasting
3318,World Villages for Children, 180 Admiral Cochrane Drive,http://www.worldvillages.org/,1 stars,$8817365,International : Development and Relief Services
5772,WorldServe Ministries, P.O. Box 1509,http://www.worldserve.org,1 stars,$508987,Religion : Religious Activities
13789,Yavapai Humane Society, 1625 Sundog Ranch Road,http://www.yavapaihumane.org/,1 stars,$1999787,Animals : Animal Rights Welfare and Services
13809,Yellowstone Art Museum, 401 North 27th Street,http://www.artmuseum.org/,1 stars,$1145503,Arts Culture Humanities : Museums
4778,Yeshivat Shaare Torah, 1202 Avenue P,http://shaaretorahbhs.tripod.com/,1 stars,$13585438,Education : Private Elementary and Secondary Schools
10763,YMCA of Sioux Falls, 230 South Minnesota Avenue,http://www.siouxfallsymca.org/,1 stars,$3478875,Human Services : Multipurpose Human Service Organizations
8005,Youth Development Fund, Eight Canberra Drive,http://www.youthdevelopmentfund.org,1 stars,$5533585,International : Humanitarian Relief Supplies
13212,Zion's Hope, P.O. Box 783369,http://www.zionshope.org,1 stars,$2524190,Religion : Religious Activities
