Org ID, Org Name, Address, Website, Ranking, Total Revenue, Category,URL in Charitynavigator
10087,The Acadiana Outreach Center, 125 South Buchanan Street,http://www.acadianaoutreach.org/,1 stars,"($56,435)",Human Services : Social Services,www.charitynavigator.org/index.cfm?bay=search.summary&orgid=10087
10184,Activated Ministries, 735 S Vinewood St,http://www.activatedministries.org,1 stars,"$2,529,549 ",Religion : Religious Activities,www.charitynavigator.org/index.cfm?bay=search.summary&orgid=10184
15381,Actors Playhouse, 280 Miracle Mile,http://www.actorsplayhouse.org/,1 stars,"$3,620,171 ",Arts Culture Humanities : Performing Arts,www.charitynavigator.org/index.cfm?bay=search.summary&orgid=15381
12503,The Aidmatrix Foundation, P.O. Box 631086,http://aidmatrix.org,1 stars,"$3,781,039 ",International : Development and Relief Services,www.charitynavigator.org/index.cfm?bay=search.summary&orgid=12503
8802,AIDS Community Research Initiative of America, 575 8th Avenue,http://acria.org,1 stars,"$2,597,001 ",Health : Diseases Disorders and Disciplines,www.charitynavigator.org/index.cfm?bay=search.summary&orgid=8802
7701,AIDS Research Alliance, 1400 S. Grand Ave,http://www.aidsresearch.org/,1 stars,"$1,898,949 ",Health : Medical Research,www.charitynavigator.org/index.cfm?bay=search.summary&orgid=7701
10661,Airline Ambassadors International, 1500 Massachusetts NW,http://www.airlineamb.org/,1 stars,"$407,209 ",International : International Peace Security and Affairs,www.charitynavigator.org/index.cfm?bay=search.summary&orgid=10661
7261,Alabama Shakespeare Festival, One Festival Drive,http://www.asf.net/,1 stars,"$5,712,197 ",Arts Culture Humanities : Performing Arts,www.charitynavigator.org/index.cfm?bay=search.summary&orgid=7261
13639,The Alabama Sheriffs' Youth Ranches, 2680 Bell Road,http://www.sheriffsranch.org/,1 stars,"$1,566,272 ",Human Services : Youth Development Shelter and Crisis Services,www.charitynavigator.org/index.cfm?bay=search.summary&orgid=13639
6766,Albany Institute of History & Art, 125 Washington Avenue,http://www.albanyinstitute.org/,1 stars,"$1,232,752 ",Arts Culture Humanities : Museums,www.charitynavigator.org/index.cfm?bay=search.summary&orgid=6766
13763,All India Mission, 11252 Strang Line,,1 stars,"$1,600,948 ",Religion : Religious Activities,www.charitynavigator.org/index.cfm?bay=search.summary&orgid=13763
10853,Alley Cat Rescue, P.O. Box 585,http://www.saveacat.org,1 stars,"$1,021,589 ",Animals : Animal Rights Welfare and Services,www.charitynavigator.org/index.cfm?bay=search.summary&orgid=10853
5521,Ambassadors for Christ International - USA, 1355 Terrell Mill Road,http://afci.us/,1 stars,"$965,813 ",Religion : Religious Activities,www.charitynavigator.org/index.cfm?bay=search.summary&orgid=5521
9549,American Architectural Foundation, 2101 L Street NW,http://www.archfoundation.org,1 stars,"$2,230,588 ",Public Benefit : Community and Housing Development,www.charitynavigator.org/index.cfm?bay=search.summary&orgid=9549
8004,American Breast Cancer Foundation, 1220 B East Joppa Road,http://www.abcf.org/,1 stars,"$959,635 ",Health : Diseases Disorders and Disciplines,www.charitynavigator.org/index.cfm?bay=search.summary&orgid=8004
12586,American Center for Law and Justice - District of Columbia, PO Box 90555,,1 stars,"$1,012,222 ",Public Benefit : Advocacy and Civil Rights,www.charitynavigator.org/index.cfm?bay=search.summary&orgid=12586
4918,American Friends of Ateret Cohanim, 470 Seventh Avenue,http://www.ateret.org.il/english/,1 stars,"$1,036,408 ",International : Foreign Charity Support Organizations,www.charitynavigator.org/index.cfm?bay=search.summary&orgid=4918
11351,American Friends of Beit Issie Shapiro, 51 East 42nd Street,http://en.beitissie.org.il/international/united-states/welcome/,1 stars,"$1,056,547 ",International : Foreign Charity Support Organizations,www.charitynavigator.org/index.cfm?bay=search.summary&orgid=11351
14119,American Friends of Chabad of Thailand, 80 Shore Road,http://www.jewishthailand.com/,1 stars,"$1,759,369 ",International : Foreign Charity Support Organizations,www.charitynavigator.org/index.cfm?bay=search.summary&orgid=14119
13240,American Friends of Kupat Hair, 4415 14th Avenue,http://www.kupat.org/worldwide/,1 stars,"$4,066,298 ",International : Foreign Charity Support Organizations,www.charitynavigator.org/index.cfm?bay=search.summary&orgid=13240
13458,American Friends of Rabbinical College of Telzstone, 510 Second Street,,1 stars,"$7,594,693 ",International : Foreign Charity Support Organizations,www.charitynavigator.org/index.cfm?bay=search.summary&orgid=13458
3264,American Institute for Cancer Research, Department IHW1,http://www.aicr.org,1 stars,"$21,740,772 ",Health : Medical Research,www.charitynavigator.org/index.cfm?bay=search.summary&orgid=3264
12968,The American Spectator Foundation, 1611 North Kent Street,http://spectator.org/,1 stars,"$2,585,553 ",Arts Culture Humanities : Public Broadcasting and Media,www.charitynavigator.org/index.cfm?bay=search.summary&orgid=12968
14577,American Values, P.O. Box 1223,http://ouramericanvalues.org/,1 stars,"$1,173,809 ",Public Benefit : Advocacy and Civil Rights,www.charitynavigator.org/index.cfm?bay=search.summary&orgid=14577
7831,America's Family Coaches, 2540 106th Street,http://www.americasfamilycoaches.com/,1 stars,"$1,116,999 ",Religion : Religious Media and Broadcasting,www.charitynavigator.org/index.cfm?bay=search.summary&orgid=7831
15254,America's Packard Museum, 420 South Ludlow Street,http://www.americaspackardmuseum.org/,1 stars,"$1,251,702 ",Arts Culture Humanities : Museums,www.charitynavigator.org/index.cfm?bay=search.summary&orgid=15254
9225,Anderson Animal Shelter, 1000 South La Fox Street,http://www.andersonanimalshelter.org/,1 stars,"$786,763 ",Animals : Animal Rights Welfare and Services,www.charitynavigator.org/index.cfm?bay=search.summary&orgid=9225
13854,Appalshop, 91 Madison Ave,http://appalshop.org/,1 stars,"$1,031,115 ",Arts Culture Humanities : Performing Arts,www.charitynavigator.org/index.cfm?bay=search.summary&orgid=13854
14139,Arctic Barnabas Ministries, 135 North Willow Street,http://arcticbarnabas.org/,1 stars,"$1,113,854 ",Religion : Religious Activities,www.charitynavigator.org/index.cfm?bay=search.summary&orgid=14139
14089,Areivim Philanthropic Group, 6 East 39th Street,,1 stars,"$1,879,054 ",Public Benefit : Fundraising Organizations,www.charitynavigator.org/index.cfm?bay=search.summary&orgid=14089
10099,Arkansas Sheriffs' Youth Ranches, P.O. Box 3964,http://www.youthranches.com/,1 stars,"$2,089,692 ",Human Services : Children's and Family Services,www.charitynavigator.org/index.cfm?bay=search.summary&orgid=10099
14461,Armenian Gospel Mission, 2650 East Foothill Boulevard,http://armeniangospelmission.org/,1 stars,"$1,203,899 ",International : Development and Relief Services,www.charitynavigator.org/index.cfm?bay=search.summary&orgid=14461
12995,As You Sow, 1611 Telegraph Avenue,http://AsYouSow.org,1 stars,"$1,450,474 ",Environment : Environmental Protection and Conservation,www.charitynavigator.org/index.cfm?bay=search.summary&orgid=12995
15106,Association of Waldorf Schools of North America, 2142A Washtenaw Avenue,http://www.whywaldorfworks.org/,1 stars,"$1,796,286 ",Education : Other Education Programs and Services,www.charitynavigator.org/index.cfm?bay=search.summary&orgid=15106
8994,The Atlanta Opera, 1575 Northside Drive NW,http://www.atlantaopera.org/,1 stars,"$4,099,149 ",Arts Culture Humanities : Performing Arts,www.charitynavigator.org/index.cfm?bay=search.summary&orgid=8994
3762,Back to the Bible, 6400 Cornhusker Highway,,1 stars,"$6,592,991 ",Religion : Religious Media and Broadcasting,www.charitynavigator.org/index.cfm?bay=search.summary&orgid=3762
9058,Back to the Bible Foundation, 6400 Cornhusker Highway,http://www.backtothebible.org/,1 stars,"$1,110,920 ",Public Benefit : Fundraising Organizations,www.charitynavigator.org/index.cfm?bay=search.summary&orgid=9058
4915,Bayith Lepleitot, 1362 East 21st Street,http://www.mnemotrix.com/girlstown/index.html,1 stars,"$7,831,423 ",International : Foreign Charity Support Organizations,www.charitynavigator.org/index.cfm?bay=search.summary&orgid=4915
3361,Bible Broadcasting Network, P.O. Box 7300,http://www.bbnradio.org,1 stars,"$12,022,932 ",Religion : Religious Media and Broadcasting,www.charitynavigator.org/index.cfm?bay=search.summary&orgid=3361
14071,Bible Education & Missionary Service, 15444 Duckworth Road,,1 stars,"$1,433,072 ",Religion : Religious Media and Broadcasting,www.charitynavigator.org/index.cfm?bay=search.summary&orgid=14071
8978,Bill of Rights Institute, 200 North Glebe Road,http://www.billofrightsinstitute.org/,1 stars,"$2,260,016 ",Education : Other Education Programs and Services,www.charitynavigator.org/index.cfm?bay=search.summary&orgid=8978
12873,BIO Ventures for Global Health, 401 Terry Avenue North,http://www.bvgh.org,1 stars,"$2,324,090 ",Health : Medical Research,www.charitynavigator.org/index.cfm?bay=search.summary&orgid=12873
12782,BLESS USA, P.O.Box 384,http://www.blessusa.org,1 stars,"$1,106,533 ",International : Foreign Charity Support Organizations,www.charitynavigator.org/index.cfm?bay=search.summary&orgid=12782
5476,B'nai B'rith International, 1120 20th Street NW,http://bnaibrith.org,1 stars,"$7,002,140 ",International : Foreign Charity Support Organizations,www.charitynavigator.org/index.cfm?bay=search.summary&orgid=5476
10120,Bread of Life Mission, 97 S. Main Street,http://www.breadoflifemission.org/,1 stars,"$3,278,877 ",Human Services : Homeless Services,www.charitynavigator.org/index.cfm?bay=search.summary&orgid=10120
12695,Breast Cancer Prevention Fund, PO Box 1508,http://breastcancerpreventionfund.org,1 stars,"$2,087,660 ",Health : Treatment and Prevention Services,www.charitynavigator.org/index.cfm?bay=search.summary&orgid=12695
5826,The Breast Cancer Relief Foundation, 615 Baronne Street,,1 stars,"$7,037,240 ",Health : Diseases Disorders and Disciplines,www.charitynavigator.org/index.cfm?bay=search.summary&orgid=5826
13563,Calcutta Mercy Ministries, 200 West McIntosh Road,http://www.buntain.org/,1 stars,"$1,738,874 ",International : Development and Relief Services,www.charitynavigator.org/index.cfm?bay=search.summary&orgid=13563
8649,California Center for the Arts Escondido, 340 North Escondido Boulevard,http://www.artcenter.org/,1 stars,"$3,453,255 ",Arts Culture Humanities : Performing Arts,www.charitynavigator.org/index.cfm?bay=search.summary&orgid=8649
12523,California Dental Association Foundation, 1201 K Street,http://www.cdafoundation.org,1 stars,"$2,305,924 ",Health : Diseases Disorders and Disciplines,www.charitynavigator.org/index.cfm?bay=search.summary&orgid=12523
5797,California Police Activities League, 2000 East Fourteenth Street,http://www.calpal.org/,1 stars,"$1,104,950 ",Human Services : Youth Development Shelter and Crisis Services,www.charitynavigator.org/index.cfm?bay=search.summary&orgid=5797
11703,California Wilderness Coalition, P.O. Box 11094,http://www.calwild.org,1 stars,"$480,868 ",Animals : Wildlife Conservation,www.charitynavigator.org/index.cfm?bay=search.summary&orgid=11703
11372,Cancer Lifeline, Dorothy S. O'Brien Center,http://www.cancerlifeline.org/,1 stars,"$948,588 ",Health : Patient and Family Support,www.charitynavigator.org/index.cfm?bay=search.summary&orgid=11372
11787,Cancer Support Services, Cancer Support Services,http://www.cancersupportservices.net/,1 stars,"$9,805,984 ",Public Benefit : Fundraising Organizations,www.charitynavigator.org/index.cfm?bay=search.summary&orgid=11787
11554,Catholic Answers, 2020 Gillespie Way,,1 stars,"$6,024,488 ",Religion : Religious Activities,www.charitynavigator.org/index.cfm?bay=search.summary&orgid=11554
7761,Catholics United for the Faith, 827 North Fourth Street,http://www.cuf.org,1 stars,"$1,126,753 ",Religion : Religious Activities,www.charitynavigator.org/index.cfm?bay=search.summary&orgid=7761
14057,Caucus Educational Corporation, 25 Pompton Avenue,,1 stars,"$3,221,189 ",Arts Culture Humanities : Public Broadcasting and Media,www.charitynavigator.org/index.cfm?bay=search.summary&orgid=14057
15234,The Center for Courageous Kids, 1501 Burnley Road,http://www.courageouskids.org/,1 stars,"$1,967,608 ",Health : Patient and Family Support,www.charitynavigator.org/index.cfm?bay=search.summary&orgid=15234
10480,Center for Mind-Body Medicine, 5225 Connecticut Ave. NW,http://www.cmbm.org,1 stars,"$1,159,928 ",Health : Patient and Family Support,www.charitynavigator.org/index.cfm?bay=search.summary&orgid=10480
6161,Charity Motors, 10431 Grand River Avenue,http://www.charitymotors.org/,1 stars,"$7,145,993 ",Human Services : Social Services,www.charitynavigator.org/index.cfm?bay=search.summary&orgid=6161
6980,Charles H. Wright Museum of African American History, 315 East Warren Avenue,http://thewright.org/index.php,1 stars,"$4,295,057 ",Arts Culture Humanities : Museums,www.charitynavigator.org/index.cfm?bay=search.summary&orgid=6980
9669,Cherokee National Historical Society, 21192 Keeler,,1 stars,"$1,547,380 ",Arts Culture Humanities : Libraries Historical Societies and Landmark Preservation,www.charitynavigator.org/index.cfm?bay=search.summary&orgid=9669
6698,Children's Bible Fellowship of New York, 250 Nimham Road,,1 stars,"$914,287 ",Religion : Religious Activities,www.charitynavigator.org/index.cfm?bay=search.summary&orgid=6698
7032,Children's Cancer Research Fund, 7301 Ohms Lane,http://www.childrenscancer.org/,1 stars,"$9,301,640 ",Health : Diseases Disorders and Disciplines,www.charitynavigator.org/index.cfm?bay=search.summary&orgid=7032
11024,Children's Lifeline, 194 Sunset Drive,http://www.childrenslifeline.com/,1 stars,"$3,253,585 ",International : Development and Relief Services,www.charitynavigator.org/index.cfm?bay=search.summary&orgid=11024
14144,Christ Reaching Asia Mission Worldwide, 601 Lincoln Avenue,http://www.cramwinc.org/,1 stars,"$1,355,867 ",International : Development and Relief Services,www.charitynavigator.org/index.cfm?bay=search.summary&orgid=14144
14078,Christian Healing Ministries Inc., 438 West 67th Street,,1 stars,"$1,477,021 ",Religion : Religious Activities,www.charitynavigator.org/index.cfm?bay=search.summary&orgid=14078
9509,Christian Life Resources, 3070 Helsan Drive,,1 stars,"$678,100 ",Religion : Religious Activities,www.charitynavigator.org/index.cfm?bay=search.summary&orgid=9509
5077,Christian Research Institute, P.O. Box 8500,http://www.equip.org,1 stars,"$3,628,811 ",Religion : Religious Media and Broadcasting,www.charitynavigator.org/index.cfm?bay=search.summary&orgid=5077
3403,CIS Development Foundation, 77 Milltown Road,http://www.cisdf.org,1 stars,"$43,810,215 ",International : Humanitarian Relief Supplies,www.charitynavigator.org/index.cfm?bay=search.summary&orgid=3403
6134,The Citizenship Education Fund, 930 East 50th Street,,1 stars,"$2,877,141 ",Public Benefit : Research and Public Policy Institutions,www.charitynavigator.org/index.cfm?bay=search.summary&orgid=6134
6806,CJ Foundation for SIDS, HUMC - WFAN Pediatric Center,http://www.cjsids.org/,1 stars,"$992,744 ",Health : Diseases Disorders and Disciplines,www.charitynavigator.org/index.cfm?bay=search.summary&orgid=6806
14323,Clearwater Camp Foundation, 7490 East Clearwater Road,http://www.clearwatercamp.org/,1 stars,"$1,301,161 ",Public Benefit : Fundraising Organizations,www.charitynavigator.org/index.cfm?bay=search.summary&orgid=14323
10346,Coalition for Pulmonary Fibrosis, 10866 W. Washington Boulevard,http://www.coalitionforpf.org/,1 stars,"$637,965 ",Health : Diseases Disorders and Disciplines,www.charitynavigator.org/index.cfm?bay=search.summary&orgid=10346
14224,Community Soup Kitchen and Outreach Center Inc., 36 South Street,http://cskmorristown.org/,1 stars,"$1,353,925 ",Human Services : Food Banks Food Pantries and Food Distribution,www.charitynavigator.org/index.cfm?bay=search.summary&orgid=14224
3557,Concerned Women for America, 1015 Fifteenth Street NW,http://www.cwfa.org,1 stars,"$6,306,146 ",Public Benefit : Advocacy and Civil Rights,www.charitynavigator.org/index.cfm?bay=search.summary&orgid=3557
8091,The Conservative Caucus Research Analysis & Education Foundation, 450 Maple Avenue E,http://www.conservativeusa.org,1 stars,"$450,271 ",Public Benefit : Research and Public Policy Institutions,www.charitynavigator.org/index.cfm?bay=search.summary&orgid=8091
6742,Contemplative Outreach, 10 Park Place,http://www.contemplativeoutreach.org/,1 stars,"$953,480 ",Religion : Religious Activities,www.charitynavigator.org/index.cfm?bay=search.summary&orgid=6742
14027,Cook Inlet Regional Citizens Advisory Council, 8195 Kenai Spur Highway,http://circac.org/,1 stars,"$1,222,049 ",Environment : Environmental Protection and Conservation,www.charitynavigator.org/index.cfm?bay=search.summary&orgid=14027
14094,Creative Ministries Inc., 1875 Junction Road,http://wjtl.com/,1 stars,"$1,897,518 ",Religion : Religious Media and Broadcasting,www.charitynavigator.org/index.cfm?bay=search.summary&orgid=14094
11705,Crescent Project, P. O. Box 50986,http://crescentproject.org,1 stars,"$1,022,107 ",Religion : Religious Activities,www.charitynavigator.org/index.cfm?bay=search.summary&orgid=11705
10847,Crossroads Nogales Mission, 338 Morley Avenue,http://crossroadnewlifecenter.org/,1 stars,"$1,131,232 ",Human Services : Homeless Services,www.charitynavigator.org/index.cfm?bay=search.summary&orgid=10847
3603,D.E.L.T.A. Rescue (Dedication and Everlasting Love to Animals), P.O. Box 9,http://www.deltarescue.org,1 stars,"$7,603,249 ",Animals : Animal Rights Welfare and Services,www.charitynavigator.org/index.cfm?bay=search.summary&orgid=3603
9842,Dance Exchange, 7117 Maple Avenue,http://www.danceexchange.org,1 stars,"$367,172 ",Arts Culture Humanities : Performing Arts,www.charitynavigator.org/index.cfm?bay=search.summary&orgid=9842
15300,DAPCEP, 2111 Woodward Avenue,http://www.dapcep.org/,1 stars,"$3,472,170 ",Education : Other Education Programs and Services,www.charitynavigator.org/index.cfm?bay=search.summary&orgid=15300
11277,The David Project, P.O. Box 52390,http://www.davidproject.org,1 stars,"$2,824,763 ",Education : Other Education Programs and Services,www.charitynavigator.org/index.cfm?bay=search.summary&orgid=11277
7766,DIFFA, 200 Lexington Avenue,http://www.diffa.org,1 stars,"$1,602,822 ",Health : Diseases Disorders and Disciplines,www.charitynavigator.org/index.cfm?bay=search.summary&orgid=7766
11923,Dream House for Medically Fragile Children, 2092 Scenic Highway,,1 stars,"$237,053 ",Health : Patient and Family Support,www.charitynavigator.org/index.cfm?bay=search.summary&orgid=11923
6894,Eastside Community Ministry, 221 Stillwell Street,http://www.eastsideministry.org/,1 stars,"$591,637 ",Human Services : Homeless Services,www.charitynavigator.org/index.cfm?bay=search.summary&orgid=6894
13966,Emmanuel Christian Seminary, One Walker Drive,http://www.ecs.edu/ECS/Home.aspx,1 stars,"$4,243,548 ",Education : Universities Graduate Schools and Technological Institutes,www.charitynavigator.org/index.cfm?bay=search.summary&orgid=13966
10262,Emmaus H.O.M.E., P.O. Box 10,http://www.homemmausa.org/,1 stars,"$1,053,228 ",Public Benefit : Community and Housing Development,www.charitynavigator.org/index.cfm?bay=search.summary&orgid=10262
5447,The European Institute, 1001 Connecticut Avenue NW,http://www.europeaninstitute.org,1 stars,"$706,714 ",International : International Peace Security and Affairs,www.charitynavigator.org/index.cfm?bay=search.summary&orgid=5447
14262,Evangel Ministries Inc., 1909 West Second Street,http://919.thefamily.net/home-919.php,1 stars,"$1,307,690 ",Religion : Religious Media and Broadcasting,www.charitynavigator.org/index.cfm?bay=search.summary&orgid=14262
13478,Excellent Education for Everyone, 123 Church Street,http://www.nje3.org/,1 stars,"$645,740 ",Education : Other Education Programs and Services,www.charitynavigator.org/index.cfm?bay=search.summary&orgid=13478
11079,Faith and Action, 109 2nd Street NE,http://faithandaction.org,1 stars,"$1,816,861 ",Religion : Religious Activities,www.charitynavigator.org/index.cfm?bay=search.summary&orgid=11079
6934,Faith Mission of Elkhart, 801 Benham Avenue,http://thefaithmission.org/,1 stars,"$2,375,908 ",Human Services : Homeless Services,www.charitynavigator.org/index.cfm?bay=search.summary&orgid=6934
8850,Family Emergency Shelter Coalition, 21455 Birch Street,http://www.fescofamilyshelter.org,1 stars,"$961,377 ",Human Services : Homeless Services,www.charitynavigator.org/index.cfm?bay=search.summary&orgid=8850
3686,Family Radio, 290 Hegenberger Road,http://www.familyradio.com,1 stars,"$35,989,939 ",Religion : Religious Media and Broadcasting,www.charitynavigator.org/index.cfm?bay=search.summary&orgid=3686
5003,The Fellowship of Reconciliation, 521 North Broadway,,1 stars,"$1,328,215 ",International : International Peace Security and Affairs,www.charitynavigator.org/index.cfm?bay=search.summary&orgid=5003
10273,Find the Children, 2656 29th Street,http://www.findthechildren.com/,1 stars,"$705,797 ",Public Benefit : Advocacy and Civil Rights,www.charitynavigator.org/index.cfm?bay=search.summary&orgid=10273
8337,First Night Boston, 36 Bromfield Street,http://www.firstnight.org/,1 stars,"$844,823 ",Arts Culture Humanities : Performing Arts,www.charitynavigator.org/index.cfm?bay=search.summary&orgid=8337
12295,Flatbush Volunteers of Hatzoloh, 1880 Ocean Ave.,,1 stars,"$1,042,100 ",Health : Treatment and Prevention Services,www.charitynavigator.org/index.cfm?bay=search.summary&orgid=12295
5191,FOCAS, 64 East McMicken Avenue,,1 stars,"$625,845 ",International : Development and Relief Services,www.charitynavigator.org/index.cfm?bay=search.summary&orgid=5191
11379,The Forge for Families, 3435 Dixie Drive,http://www.forgeforfamilies.org/,1 stars,"$1,059,062 ",Human Services : Children's and Family Services,www.charitynavigator.org/index.cfm?bay=search.summary&orgid=11379
7672,Foundation for Children with Cancer, 11414 West Park Place,http://www.childrenwithcancer.org/,1 stars,"$257,217 ",Health : Patient and Family Support,www.charitynavigator.org/index.cfm?bay=search.summary&orgid=7672
10182,Foundation to Eradicate Duchenne, P.O. Box 2371,http://www.duchennemd.org/,1 stars,"$868,867 ",Public Benefit : Fundraising Organizations,www.charitynavigator.org/index.cfm?bay=search.summary&orgid=10182
13624,Friends of Refugees of Eastern Europe Inc., 2935 W. Devon Avenue,http://www.obshina.com/,1 stars,"$1,059,478 ",Human Services : Social Services,www.charitynavigator.org/index.cfm?bay=search.summary&orgid=13624
13609,Fund for Boston Neighborhoods, PO Box 961555,http://www.fbni.org/,1 stars,"$1,936,573 ",Public Benefit : Community and Housing Development,www.charitynavigator.org/index.cfm?bay=search.summary&orgid=13609
3747,General Israel Orphans Home for Girls USA, 132 Nassau Street,http://www.gioh.org,1 stars,"$4,176,327 ",International : Foreign Charity Support Organizations,www.charitynavigator.org/index.cfm?bay=search.summary&orgid=3747
7544,The Genesis Foundation for Children, 1347 Main Street,http://www.thegenfound.org/,1 stars,"$698,583 ",Public Benefit : Fundraising Organizations,www.charitynavigator.org/index.cfm?bay=search.summary&orgid=7544
8521,Georgia Sheriffs' Association, 3000 Highway 42 North,http://www.georgiasheriffs.org,1 stars,"$2,565,215 ",Human Services : Multipurpose Human Service Organizations,www.charitynavigator.org/index.cfm?bay=search.summary&orgid=8521
4933,Girls' Town/Or Chadash, 1431 Coney Island Avenue,http://www.gtoc.org/,1 stars,"$1,867,495 ",Religion : Religious Activities,www.charitynavigator.org/index.cfm?bay=search.summary&orgid=4933
4957,Givat Haviva Educational Foundation, 114 West 26th Street,http://www.givathaviva.org,1 stars,"$363,807 ",International : International Peace Security and Affairs,www.charitynavigator.org/index.cfm?bay=search.summary&orgid=4957
14105,Global Celebration, P.O. Box 755,http://www.globalcelebration.com/,1 stars,"$2,835,907 ",Religion : Religious Activities,www.charitynavigator.org/index.cfm?bay=search.summary&orgid=14105
14452,Global Solutions for Infectious Diseases, 830 Dubugue Avenue,,1 stars,"$1,302,771 ",Health : Medical Research,www.charitynavigator.org/index.cfm?bay=search.summary&orgid=14452
13792,Global Training Network, 7558 W. Thunderbird Rd.,http://www.globaltrainingnetwork.org/,1 stars,"$2,388,365 ",Religion : Religious Activities,www.charitynavigator.org/index.cfm?bay=search.summary&orgid=13792
11673,GOAL USA, 41 Union Square,http://www.goalusa.org/,1 stars,"$569,885 ",International : Development and Relief Services,www.charitynavigator.org/index.cfm?bay=search.summary&orgid=11673
8002,Goodwill Rescue Mission, 79 University Avenue,,1 stars,"$2,020,417 ",Human Services : Homeless Services,www.charitynavigator.org/index.cfm?bay=search.summary&orgid=8002
13969,Grounds for Sculpture Inc., 18 Fairgrounds Road,http://www.groundsforsculpture.org/,1 stars,"$3,823,364 ",Arts Culture Humanities : Museums,www.charitynavigator.org/index.cfm?bay=search.summary&orgid=13969
14447,Haitian Christian Mission, 4550 Highway 20 SE,http://www.haitianchristianmission.org/,1 stars,"$1,509,999 ",Religion : Religious Activities,www.charitynavigator.org/index.cfm?bay=search.summary&orgid=14447
6798,The Haitian Project, P.O. Box 6891,http://haitianproject.org/,1 stars,"$1,170,785 ",International : Development and Relief Services,www.charitynavigator.org/index.cfm?bay=search.summary&orgid=6798
4963,Hale House Center, 152 West 122nd Street,http://www.halehouse.org,1 stars,"$2,360,251 ",Human Services : Youth Development Shelter and Crisis Services,www.charitynavigator.org/index.cfm?bay=search.summary&orgid=4963
6334,Harrison International, 2109 East 69th Street,http://www.increase.org,1 stars,"$1,276,593 ",Religion : Religious Activities,www.charitynavigator.org/index.cfm?bay=search.summary&orgid=6334
5235,Hasten Hebrew Academy of Indianapolis, 6602 Hoover Road,http://www.hhai.org/,1 stars,"$2,662,561 ",Education : Private Elementary and Secondary Schools,www.charitynavigator.org/index.cfm?bay=search.summary&orgid=5235
3813,Help Hospitalized Veterans, 36585 Penfield Lane,http://www.hhv.org,1 stars,"$24,713,978 ",Human Services : Social Services,www.charitynavigator.org/index.cfm?bay=search.summary&orgid=3813
7722,Heritage for the Blind, 2071 Flatbush Avenue,http://www.hftb.org/,1 stars,"$4,164,022 ",Human Services : Social Services,www.charitynavigator.org/index.cfm?bay=search.summary&orgid=7722
14942,Hilton Head Symphony Orchestra, 2 Park Lane,,1 stars,"$1,419,732 ",Arts Culture Humanities : Performing Arts,www.charitynavigator.org/index.cfm?bay=search.summary&orgid=14942
6701,Hineni, 232 West End Avenue,http://www.hineni.org/,1 stars,"$1,834,959 ",Religion : Religious Activities,www.charitynavigator.org/index.cfm?bay=search.summary&orgid=6701
14830,Historic Columbia, 1601 Richland Street,http://www.historiccolumbia.org/,1 stars,"$2,820,019 ",Arts Culture Humanities : Libraries Historical Societies and Landmark Preservation,www.charitynavigator.org/index.cfm?bay=search.summary&orgid=14830
9037,Home for Life, P.O. Box 847,http://www.homeforlife.org/,1 stars,"$905,815 ",Animals : Animal Rights Welfare and Services,www.charitynavigator.org/index.cfm?bay=search.summary&orgid=9037
8459,HomeWord, P.O. Box 1600,http://www.homeword.com,1 stars,"$737,497 ",Religion : Religious Activities,www.charitynavigator.org/index.cfm?bay=search.summary&orgid=8459
13972,Hope Center for Kids, 2200 North 20th Street,http://www.hopecenterforkids.com/,1 stars,"$1,474,327 ",Human Services : Youth Development Shelter and Crisis Services,www.charitynavigator.org/index.cfm?bay=search.summary&orgid=13972
8175,Hospice Education Institute, Three Unity Square,http://www.hospiceworld.org/,1 stars,"$2,451,868 ",Human Services : Social Services,www.charitynavigator.org/index.cfm?bay=search.summary&orgid=8175
14573,The Houe FM, P.O. Box 14,,1 stars,"$1,423,389 ",Arts Culture Humanities : Public Broadcasting and Media,www.charitynavigator.org/index.cfm?bay=search.summary&orgid=14573
3835,House Research Institute, 2100 West Third Street,http://www.hei.org,1 stars,"$13,154,022 ",Health : Medical Research,www.charitynavigator.org/index.cfm?bay=search.summary&orgid=3835
8705,Houston Festival Foundation, 3711 Clinton Drive,http://www.ifest.org/,1 stars,"$1,997,650 ",Arts Culture Humanities : Performing Arts,www.charitynavigator.org/index.cfm?bay=search.summary&orgid=8705
15167,IberoAmerican Ministries, P.O. Box 1493,http://www.iamweb.org/home.html,1 stars,"$2,077,912 ",Religion : Religious Activities,www.charitynavigator.org/index.cfm?bay=search.summary&orgid=15167
12387,IDEAS, 7851 South Elati,http://www.ideasworld.org/,1 stars,"$3,346,944 ",International : Development and Relief Services,www.charitynavigator.org/index.cfm?bay=search.summary&orgid=12387
3858,The Imus Ranch, P.O. Box 250,http://www.imus.com/imus-ranch/,1 stars,"$1,841,063 ",Health : Patient and Family Support,www.charitynavigator.org/index.cfm?bay=search.summary&orgid=3858
13519,Inspire Women, 1415 South Voss,http://inspirewomen.org/,1 stars,"$1,614,769 ",Education : Other Education Programs and Services,www.charitynavigator.org/index.cfm?bay=search.summary&orgid=13519
5380,Institute for Foreign Policy Analysis, 675 Massachusetts Avenue,http://www.ifpa.org,1 stars,"$2,523,863 ",International : International Peace Security and Affairs,www.charitynavigator.org/index.cfm?bay=search.summary&orgid=5380
14467,Institute for Middle East Understanding, 2913 El Camino Real #436,http://imeu.org/,1 stars,"$1,197,031 ",International : International Peace Security and Affairs,www.charitynavigator.org/index.cfm?bay=search.summary&orgid=14467
3871,Institute for Student Achievement (ISA), One Old Country Road,http://www.studentachievement.org,1 stars,"$1,740,727 ",Education : Other Education Programs and Services,www.charitynavigator.org/index.cfm?bay=search.summary&orgid=3871
13806,Institute for the Analysis of Global Security, 7811 Montrose Rd.,http://www.iags.org/,1 stars,"$1,319,899 ",International : International Peace Security and Affairs,www.charitynavigator.org/index.cfm?bay=search.summary&orgid=13806
6565,The Interfaith Alliance Foundation, 1250 24th Street NW,http://www.interfaithalliance.org,1 stars,"$1,048,221 ",Religion : Religious Activities,www.charitynavigator.org/index.cfm?bay=search.summary&orgid=6565
5517,International Board of Jewish Missions, P.O. Box 1386,http://www.ibjm.org,1 stars,"$3,059,307 ",Religion : Religious Activities,www.charitynavigator.org/index.cfm?bay=search.summary&orgid=5517
13981,International Conservation Caucus Foundation, 3250 Prospect Street NW,,1 stars,"$1,425,363 ",Environment : Environmental Protection and Conservation,www.charitynavigator.org/index.cfm?bay=search.summary&orgid=13981
3891,International Foundation for Education and Self-Help, 5040 East Shea Boulevard,http://www.ifesh.org,1 stars,"$4,824,699 ",International : Development and Relief Services,www.charitynavigator.org/index.cfm?bay=search.summary&orgid=3891
10753,Interreligious Foundation for Community Organization, 418 West 145th Street,http://www.ifconews.org/,1 stars,"$521,698 ",International : Humanitarian Relief Supplies,www.charitynavigator.org/index.cfm?bay=search.summary&orgid=10753
13250,Iran Alive Ministries, P.O. Box 702925,http://iranaliveministries.org/,1 stars,"$1,772,585 ",Religion : Religious Activities,www.charitynavigator.org/index.cfm?bay=search.summary&orgid=13250
14585,Iranian American Jewish Federation of New York, 770 Middle Neck Road,https://www.iajfny.org/,1 stars,"$2,728,410 ",Public Benefit : Fundraising Organizations,www.charitynavigator.org/index.cfm?bay=search.summary&orgid=14585
3913,Jack Van Impe Ministries International, P.O. Box 7004,http://www.jvim.com,1 stars,"$12,755,432 ",Religion : Religious Media and Broadcasting,www.charitynavigator.org/index.cfm?bay=search.summary&orgid=3913
9719,Jazz Aspen Snowmass, 110 East Hallam Street,http://jazzaspen.org,1 stars,"$5,971,428 ",Arts Culture Humanities : Performing Arts,www.charitynavigator.org/index.cfm?bay=search.summary&orgid=9719
15350,The Jefferson Awards Foundation, 100 West Tenth Street,http://www.jeffersonawards.org/,1 stars,"$2,301,082 ",Education : Other Education Programs and Services,www.charitynavigator.org/index.cfm?bay=search.summary&orgid=15350
9428,Jewish Campus Life Fund, 606 West 115th Street,http://www.hillel.columbia.edu/,1 stars,"$2,041,650 ",Religion : Religious Activities,www.charitynavigator.org/index.cfm?bay=search.summary&orgid=9428
5945,Jewish Center for Community Services, 4200 Park Avenue,http://www.jccs.org/,1 stars,"$3,626,052 ",Public Benefit : Fundraising Organizations,www.charitynavigator.org/index.cfm?bay=search.summary&orgid=5945
8234,Jewish Federation of El Paso, 5740 North Mesa Street,http://www.jewishelpaso.org/,1 stars,"$1,299,954 ",Public Benefit : Fundraising Organizations,www.charitynavigator.org/index.cfm?bay=search.summary&orgid=8234
12568,Jewish Federation of the Sacramento Region, 2014 Capitol Avenue,http://www.jewishsac.org,1 stars,"$606,577 ",Public Benefit : Fundraising Organizations,www.charitynavigator.org/index.cfm?bay=search.summary&orgid=12568
13674,JOY FM Radio, 13358 Manchester Road,http://www.joyfmonline.org/,1 stars,"$4,964,504 ",Religion : Religious Media and Broadcasting,www.charitynavigator.org/index.cfm?bay=search.summary&orgid=13674
8440,Just One Life/Nefesh Achat B'Yisrael, 587 Fifth Avenue,http://www.justonelife.org/,1 stars,"$813,769 ",International : Foreign Charity Support Organizations,www.charitynavigator.org/index.cfm?bay=search.summary&orgid=8440
11154,Kaiserman JCC, 45 Haverford Road,http://www.phillyjcc.com,1 stars,"$995,328 ",Human Services : Multipurpose Human Service Organizations,www.charitynavigator.org/index.cfm?bay=search.summary&orgid=11154
8698,Kentucky Horse Park Foundation, 4089 Iron Works Parkway,http://khpfoundation.org/,1 stars,"$2,264,624 ",Animals : Animal Rights Welfare and Services,www.charitynavigator.org/index.cfm?bay=search.summary&orgid=8698
13244,The Kidney TRUST, 1350 Bayshore Highway,http://kidneytrust.org/,1 stars,"$307,704 ",Health : Diseases Disorders and Disciplines,www.charitynavigator.org/index.cfm?bay=search.summary&orgid=13244
12181,Kingsway Charities, 1119 Commonwealth Avenue,http://www.kingswaycharities.org,1 stars,"$164,650,120 ",International : Humanitarian Relief Supplies,www.charitynavigator.org/index.cfm?bay=search.summary&orgid=12181
10950,Koinonia House, P.O. Box D,,1 stars,"$2,659,970 ",Religion : Religious Activities,www.charitynavigator.org/index.cfm?bay=search.summary&orgid=10950
11749,Korean War National Museum, 47 West Division Street,http://www.kwnm.org/,1 stars,"$1,302,056 ",Arts Culture Humanities : Museums,www.charitynavigator.org/index.cfm?bay=search.summary&orgid=11749
15133,Lakeland Public Television, 1500 Birchmont Drive NE #9,http://www.lptv.org/,1 stars,"$3,214,301 ",Arts Culture Humanities : Public Broadcasting and Media,www.charitynavigator.org/index.cfm?bay=search.summary&orgid=15133
7117,The Larry King Cardiac Foundation, 15720 Crabbs Branch Way,http://www.lkcf.org,1 stars,"$789,979 ",Health : Diseases Disorders and Disciplines,www.charitynavigator.org/index.cfm?bay=search.summary&orgid=7117
9410,LEADership Education and Development, 1075 Peachtree St NE,http://www.leadprogram.org,1 stars,"$2,461,506 ",Education : Other Education Programs and Services,www.charitynavigator.org/index.cfm?bay=search.summary&orgid=9410
14438,Lexington Institute, 1600 Wilson Boulevard,http://www.lexingtoninstitute.org/,1 stars,"$2,350,609 ",Public Benefit : Research and Public Policy Institutions,www.charitynavigator.org/index.cfm?bay=search.summary&orgid=14438
14392,Life Network, 3700 Galley Road,http://www.elifenetwork.com/,1 stars,"$1,194,403 ",Health : Treatment and Prevention Services,www.charitynavigator.org/index.cfm?bay=search.summary&orgid=14392
12256,LifeLight Communications, 2601 South Western Avenue,http://www.lifelight.org/,1 stars,"$2,062,159 ",Religion : Religious Activities,www.charitynavigator.org/index.cfm?bay=search.summary&orgid=12256
7565,Life-Study Fellowship, 90 Heights Road,,1 stars,"$1,939,971 ",Religion : Religious Media and Broadcasting,www.charitynavigator.org/index.cfm?bay=search.summary&orgid=7565
6409,Light Bearers Ministry, 37457 Jasper Lowell Road,http://www.lbm.org/,1 stars,"$1,998,390 ",Religion : Religious Media and Broadcasting,www.charitynavigator.org/index.cfm?bay=search.summary&orgid=6409
11499,The Light House Mission Ministries, 1450 Wabash Avenue,,1 stars,"$1,637,306 ",Human Services : Homeless Services,www.charitynavigator.org/index.cfm?bay=search.summary&orgid=11499
9308,Little Brothers - Friends of the Elderly Twin Cities Chapter, 1845 East Lake Street,http://www.littlebrothersmn.org/,1 stars,"$583,214 ",Human Services : Social Services,www.charitynavigator.org/index.cfm?bay=search.summary&orgid=9308
4928,Little Shelter Animal Rescue and Adoption Center, 33 Warner Road,http://www.littleshelter.com/,1 stars,"$2,791,796 ",Animals : Animal Rights Welfare and Services,www.charitynavigator.org/index.cfm?bay=search.summary&orgid=4928
14265,Living Hope International, P.O. Box 116,http://lovehopemercy.org/index.html,1 stars,"$1,253,202 ",International : Foreign Charity Support Organizations,www.charitynavigator.org/index.cfm?bay=search.summary&orgid=14265
9310,LOGOI, 14540 Southwest 136th Street,http://logoi.org,1 stars,"$524,663 ",Religion : Religious Activities,www.charitynavigator.org/index.cfm?bay=search.summary&orgid=9310
11090,Long Island Teen Challenge, 309 Old Farmingdale Road,http://www.LongIslandTC.com,1 stars,"$2,405,587 ",Health : Treatment and Prevention Services,www.charitynavigator.org/index.cfm?bay=search.summary&orgid=11090
14339,Louisiana Symphony Association, 7330 Highland Road,http://brso.org/,1 stars,"$1,439,478 ",Arts Culture Humanities : Performing Arts,www.charitynavigator.org/index.cfm?bay=search.summary&orgid=14339
14228,M.O.R.E Project, 10855 South River Front Parkway,http://www.themoreproject.org,1 stars,"$1,937,175 ",International : Development and Relief Services,www.charitynavigator.org/index.cfm?bay=search.summary&orgid=14228
14715,Malachi House, 2810 Clinton Avenue,http://www.malachihouse.org/,1 stars,"$1,324,562 ",Human Services : Social Services,www.charitynavigator.org/index.cfm?bay=search.summary&orgid=14715
13336,Masonic Home of Georgia, P.O. Box 4183,http://www.masonichomeofgeorgia.com/,1 stars,"$1,970,131 ",Human Services : Children's and Family Services,www.charitynavigator.org/index.cfm?bay=search.summary&orgid=13336
9333,MassINC, 11 Beacon Street,http://www.massinc.org/,1 stars,"$1,746,916 ",Public Benefit : Research and Public Policy Institutions,www.charitynavigator.org/index.cfm?bay=search.summary&orgid=9333
8768,Mastermedia International, 330 North Sixth Street,,1 stars,"$1,715,716 ",Religion : Religious Activities,www.charitynavigator.org/index.cfm?bay=search.summary&orgid=8768
14453,Meals on Wheels of Contra Costa, P.O. Box,http://www.mealsonwheelsofcontracosta.org/,1 stars,"$1,455,621 ",Human Services : Social Services,www.charitynavigator.org/index.cfm?bay=search.summary&orgid=14453
4067,Medical Development for Israel, 295 Madison Avenue,http://mdinyc.org,1 stars,"$1,137,660 ",International : Foreign Charity Support Organizations,www.charitynavigator.org/index.cfm?bay=search.summary&orgid=4067
12809,MEOR, P.O. Box 279,http://meor.org/,1 stars,"$5,032,483 ",Religion : Religious Activities,www.charitynavigator.org/index.cfm?bay=search.summary&orgid=12809
12781,Michigan Paralyzed Veterans of America, 40550 Grand River Avenue,http://www.michiganpva.org/,1 stars,"$658,308 ",Public Benefit : Advocacy and Civil Rights,www.charitynavigator.org/index.cfm?bay=search.summary&orgid=12781
14108,Mighty Horn Ministries, 1011 Park Lane,,1 stars,"$2,068,878 ",Religion : Religious Media and Broadcasting,www.charitynavigator.org/index.cfm?bay=search.summary&orgid=14108
14490,Milwaukee Jewish Day School, 6401 North Santa Monica Boulevard,http://www.mjds.org/,1 stars,"$4,082,135 ",Education : Private Elementary and Secondary Schools,www.charitynavigator.org/index.cfm?bay=search.summary&orgid=14490
7231,Mission to Haiti, P.O. Box 523157,http://www.missiontohaiti.org/,1 stars,"$669,642 ",International : Foreign Charity Support Organizations,www.charitynavigator.org/index.cfm?bay=search.summary&orgid=7231
10921,Modesto Gospel Mission, 1400 Yosemite Boulevard,,1 stars,"$5,172,245 ",Human Services : Homeless Services,www.charitynavigator.org/index.cfm?bay=search.summary&orgid=10921
14706,The Mother Divine Program, PO Box 1140,http://motherdivine.org/,1 stars,"$2,182,476 ",Religion : Religious Activities,www.charitynavigator.org/index.cfm?bay=search.summary&orgid=14706
11089,Mourning Family Foundation, 100 S. Biscayne Boulevard,http://mourningfamilyfoundation.org,1 stars,"$796,312 ",Human Services : Youth Development Shelter and Crisis Services,www.charitynavigator.org/index.cfm?bay=search.summary&orgid=11089
5326,MPTV Friends, 700 West State Street,http://www.mptv.org,1 stars,"$3,897,885 ",Public Benefit : Fundraising Organizations,www.charitynavigator.org/index.cfm?bay=search.summary&orgid=5326
13343,Naples Christian Academy, 3161 Santa Barbara Boulevard,http://www.napleschristian.net/,1 stars,"$1,885,480 ",Education : Private Elementary and Secondary Schools,www.charitynavigator.org/index.cfm?bay=search.summary&orgid=13343
4151,NARAL Pro-Choice America Foundation, 1156 Fifteenth Street NW,http://www.ProChoiceAmerica.org,1 stars,"$4,388,855 ",Public Benefit : Advocacy and Civil Rights,www.charitynavigator.org/index.cfm?bay=search.summary&orgid=4151
5416,National Center for Public Policy Research, 501 Capitol Court NE,http://www.nationalcenter.org/,1 stars,"$8,545,440 ",Public Benefit : Research and Public Policy Institutions,www.charitynavigator.org/index.cfm?bay=search.summary&orgid=5416
7651,National Children's Leukemia Foundation, 7316 Avenue U,http://www.leukemiafoundation.org/,1 stars,"$623,007 ",Health : Diseases Disorders and Disciplines,www.charitynavigator.org/index.cfm?bay=search.summary&orgid=7651
4172,National Council of Negro Women, 633 Pennsylvania Avenue NW,http://www.ncnw.org/,1 stars,"$3,169,173 ",Public Benefit : Advocacy and Civil Rights,www.charitynavigator.org/index.cfm?bay=search.summary&orgid=4172
4175,National Emergency Medicine Association, 306 West Joppa Road,http://www.nemahealth.org,1 stars,"$1,392,981 ",Health : Treatment and Prevention Services,www.charitynavigator.org/index.cfm?bay=search.summary&orgid=4175
10059,National Fire Safety Council, P.O. Box 378,http://www.nfsc.org/,1 stars,"$2,937,275 ",Education : Other Education Programs and Services,www.charitynavigator.org/index.cfm?bay=search.summary&orgid=10059
7109,National Gaucher Foundation, 2227 Idlewood Road,http://www.gaucherdisease.org/,1 stars,"$2,540,618 ",Health : Diseases Disorders and Disciplines,www.charitynavigator.org/index.cfm?bay=search.summary&orgid=7109
12345,National Multiple Sclerosis Society Arizona Chapter, 5025 E. Washington Street,http://www.nationalmssociety.org/Chapters/AZA,1 stars,"$1,378,489 ",Health : Diseases Disorders and Disciplines,www.charitynavigator.org/index.cfm?bay=search.summary&orgid=12345
8075,National Right to Life Educational Trust Fund, 512 Tenth Street NW,http://www.nrlc.org/,1 stars,"$2,127,978 ",Public Benefit : Advocacy and Civil Rights,www.charitynavigator.org/index.cfm?bay=search.summary&orgid=8075
13051,Nativity Prep Academy, 2755 55th Street,http://www.nativityprep.org/,1 stars,"$1,107,339 ",Education : Private Elementary and Secondary Schools,www.charitynavigator.org/index.cfm?bay=search.summary&orgid=13051
4822,Neurosciences Research Foundation, 800 Silverado Street,http://www.nsi.edu,1 stars,"$1,089,803 ",Health : Medical Research,www.charitynavigator.org/index.cfm?bay=search.summary&orgid=4822
6995,New Detroit, 3011 West Grand Boulevard Suite 1200,http://www.newdetroit.org,1 stars,"$1,744,983 ",Public Benefit : Advocacy and Civil Rights,www.charitynavigator.org/index.cfm?bay=search.summary&orgid=6995
4222,New Jersey Symphony Orchestra, 60 Park Place,http://www.njsymphony.org,1 stars,"$10,573,466 ",Arts Culture Humanities : Performing Arts,www.charitynavigator.org/index.cfm?bay=search.summary&orgid=4222
14279,New Mexico Christian Children's Home, 1356 NM 236,http://www.nmcch.org/,1 stars,"$3,472,304 ",Human Services : Children's and Family Services,www.charitynavigator.org/index.cfm?bay=search.summary&orgid=14279
13486,Newark Now, 112 Jabez Street,http://www.newarknow.org/,1 stars,"$2,515,399 ",Public Benefit : Community and Housing Development,www.charitynavigator.org/index.cfm?bay=search.summary&orgid=13486
5503,Nicky Cruz Outreach, P.O. Box 62010,http://www.nickycruz.org,1 stars,"$693,373 ",Religion : Religious Media and Broadcasting,www.charitynavigator.org/index.cfm?bay=search.summary&orgid=5503
10945,Noah's Lost Ark, 8424 Bedell Road,http://noahslostark.org,1 stars,"$1,868,638 ",Animals : Wildlife Conservation,www.charitynavigator.org/index.cfm?bay=search.summary&orgid=10945
12504,Nonviolent Peaceforce, 425 Oak Grove Street,http://www.nonviolentpeaceforce.org,1 stars,"$1,041,384 ",International : International Peace Security and Affairs,www.charitynavigator.org/index.cfm?bay=search.summary&orgid=12504
4236,Nora Lam Chinese Ministries International, 5442 Thornwood Drive,,1 stars,"$4,650,199 ",Religion : Religious Activities,www.charitynavigator.org/index.cfm?bay=search.summary&orgid=4236
9476,Northeast Indiana Public Radio, 3204 Clairmont Court,http://wboi.org/,1 stars,"$1,556,327 ",Arts Culture Humanities : Public Broadcasting and Media,www.charitynavigator.org/index.cfm?bay=search.summary&orgid=9476
15339,Noyes Home for Children, 801 North Noyes Boulevard,http://noyeshome.org/,1 stars,"$2,287,937 ",Human Services : Youth Development Shelter and Crisis Services,www.charitynavigator.org/index.cfm?bay=search.summary&orgid=15339
13201,Ocean Research & Conservation Association, 1420 Seaway Drive,http://www.teamorca.org/cfiles/home.cfm,1 stars,"$829,426 ",Environment : Environmental Protection and Conservation,www.charitynavigator.org/index.cfm?bay=search.summary&orgid=13201
4258,Ohr Torah Stone Colleges and Graduate Programs, 49 West 45th Street,http://www.ohrtorahstone.org.il,1 stars,"$5,835,780 ",Religion : Religious Activities,www.charitynavigator.org/index.cfm?bay=search.summary&orgid=4258
12572,Old Savannah City Mission, 2414 Bull Street,http://www.oscm.org,1 stars,"$1,144,856 ",Human Services : Homeless Services,www.charitynavigator.org/index.cfm?bay=search.summary&orgid=12572
11047,Olympia Union Gospel Mission, 413 Franklin Street NE,http://ougm.org/,1 stars,"$1,373,217 ",Human Services : Homeless Services,www.charitynavigator.org/index.cfm?bay=search.summary&orgid=11047
8377,Opera Colorado, 695 South Colorado Boulevard,http://www.operacolorado.org/,1 stars,"$3,600,313 ",Arts Culture Humanities : Performing Arts,www.charitynavigator.org/index.cfm?bay=search.summary&orgid=8377
13200,Organ Donation And Transplant Association Of America, 108 Lakeshore Drive,http://www.odtaa.org,1 stars,"$595,672 ",Public Benefit : Fundraising Organizations,www.charitynavigator.org/index.cfm?bay=search.summary&orgid=13200
8088,The Orme School of Arizona, HC 63 Box 3040,http://www.ormeschool.org,1 stars,"$5,467,020 ",Education : Private Elementary and Secondary Schools,www.charitynavigator.org/index.cfm?bay=search.summary&orgid=8088
5013,ORT America, 75 Maiden Lane,http://www.ortamerica.org,1 stars,"$16,485,924 ",Education : Other Education Programs and Services,www.charitynavigator.org/index.cfm?bay=search.summary&orgid=5013
6204,Overlook Foundation, 36 Upper Overlook Road,http://www.overlookfoundation.org/,1 stars,"$10,358,810 ",Public Benefit : Fundraising Organizations,www.charitynavigator.org/index.cfm?bay=search.summary&orgid=6204
8880,Partnership for Learning, 520 Pike Street,http://partnership4learning.org,1 stars,"$398,695 ",Education : Other Education Programs and Services,www.charitynavigator.org/index.cfm?bay=search.summary&orgid=8880
14130,Pastoral Leadership Institute, 12300 Ford Road,,1 stars,"$1,576,595 ",Religion : Religious Activities,www.charitynavigator.org/index.cfm?bay=search.summary&orgid=14130
15273,The Pav YMCA, 2947 South Oak Park Avenue,http://pavymca.org/,1 stars,"$2,416,092 ",Human Services : Multipurpose Human Service Organizations,www.charitynavigator.org/index.cfm?bay=search.summary&orgid=15273
6951,Pax Christi USA, 532 West Eighth Street,http://www.paxchristiusa.org/,1 stars,"$562,001 ",Religion : Religious Activities,www.charitynavigator.org/index.cfm?bay=search.summary&orgid=6951
7267,The Piney Woods School, P.O. Box 57,http://www.pineywoods.org,1 stars,"$3,849,447 ",Education : Private Elementary and Secondary Schools,www.charitynavigator.org/index.cfm?bay=search.summary&orgid=7267
5174,Pittsburgh Leadership Foundation (PLF), 100 West Station Square Drive,http://www.plf.org,1 stars,"$991,615 ",Human Services : Social Services,www.charitynavigator.org/index.cfm?bay=search.summary&orgid=5174
5092,Please Touch Museum, 4231 Avenue of the Republic,http://www.pleasetouchmuseum.org,1 stars,"$8,855,561 ",Arts Culture Humanities : Museums,www.charitynavigator.org/index.cfm?bay=search.summary&orgid=5092
10669,Police Athletic League of Philadelphia, 2524 East Clearfield Street,http://www.phillypal.com/,1 stars,"$2,445,980 ",Human Services : Youth Development Shelter and Crisis Services,www.charitynavigator.org/index.cfm?bay=search.summary&orgid=10669
10080,Population Research Institute, 1190 Progress Drive Suite 2D,http://www.pop.org/,1 stars,"$1,477,544 ",Public Benefit : Research and Public Policy Institutions,www.charitynavigator.org/index.cfm?bay=search.summary&orgid=10080
14155,PowerPoint Ministries, 6801 West Park Boulevard,,1 stars,"$3,969,935 ",Religion : Religious Media and Broadcasting,www.charitynavigator.org/index.cfm?bay=search.summary&orgid=14155
9029,Pray America, PO Box 14070,http://prayamerica.org/,1 stars,"$1,392,986 ",Religion : Religious Activities,www.charitynavigator.org/index.cfm?bay=search.summary&orgid=9029
14526,Price Tower Arts Center, 510 Dewey Avenue,,1 stars,"$1,125,424 ",Arts Culture Humanities : Museums,www.charitynavigator.org/index.cfm?bay=search.summary&orgid=14526
4362,Prison Fellowship Ministries, 44180 Riverside Parkway,,1 stars,"$40,765,296 ",Religion : Religious Activities,www.charitynavigator.org/index.cfm?bay=search.summary&orgid=4362
4007,ProLiteracy, 104 Marcellus Street,http://www.proliteracy.org/,1 stars,"$7,726,245 ",Education : Other Education Programs and Services,www.charitynavigator.org/index.cfm?bay=search.summary&orgid=4007
14100,Ransomed Heart Ministries, 4965 North 30th Street,,1 stars,"$3,019,988 ",Religion : Religious Activities,www.charitynavigator.org/index.cfm?bay=search.summary&orgid=14100
14067,Reach the Rest, P.O. Box 218,http://reachtherest.org/,1 stars,"$694,911 ",Religion : Religious Activities,www.charitynavigator.org/index.cfm?bay=search.summary&orgid=14067
9702,Readers Are Leaders Foundation, 801 Texas Avenue,http://www.readersareleadersfoundation.org/,1 stars,"$471,149 ",Education : Other Education Programs and Services,www.charitynavigator.org/index.cfm?bay=search.summary&orgid=9702
12633,Reciprocal Ministries International, 5475 Lee Street,http://www.rminet.org,1 stars,"$1,670,053 ",International : Development and Relief Services,www.charitynavigator.org/index.cfm?bay=search.summary&orgid=12633
13453,Redcloud, P.O. Box 130,http://www.campredcloud.org/,1 stars,"$1,507,762 ",Religion : Religious Activities,www.charitynavigator.org/index.cfm?bay=search.summary&orgid=13453
5298,Renewal Ministries, P.O. Box 1426,http://www.renewalministries.net,1 stars,"$1,278,747 ",Religion : Religious Media and Broadcasting,www.charitynavigator.org/index.cfm?bay=search.summary&orgid=5298
7159,Richmond Hill, 2209 East Grace Street,http://www.richmondhillva.org/,1 stars,"$743,749 ",Religion : Religious Activities,www.charitynavigator.org/index.cfm?bay=search.summary&orgid=7159
14563,Rocketown of Middle Tennessee, 601 Fourth Ave South,http://www.rocketown.org,1 stars,"$1,452,034 ",Religion : Religious Activities,www.charitynavigator.org/index.cfm?bay=search.summary&orgid=14563
8646,Rockwern Academy, 8401 Montgomery Road,http://www.rockwernacademy.org/,1 stars,"$2,053,317 ",Education : Private Elementary and Secondary Schools,www.charitynavigator.org/index.cfm?bay=search.summary&orgid=8646
9754,Rotary First Harvest, 1201 First Avenue S Suite 327,http://www.firstharvest.org/,1 stars,"$13,303,260 ",Human Services : Food Banks Food Pantries and Food Distribution,www.charitynavigator.org/index.cfm?bay=search.summary&orgid=9754
4881,SADD - Students Against Destructive Decisions, 255 Main Street,http://www.sadd.org/,1 stars,"$1,703,465 ",Health : Treatment and Prevention Services,www.charitynavigator.org/index.cfm?bay=search.summary&orgid=4881
11002,The Safe America Foundation, 2480 Sandy Plains Road,http://www.safeamerica.org,1 stars,"$676,043 ",Public Benefit : Research and Public Policy Institutions,www.charitynavigator.org/index.cfm?bay=search.summary&orgid=11002
12211,St. Gerard Campus, 1405 U.S. Route One S,,1 stars,"$810,548 ",Human Services : Youth Development Shelter and Crisis Services,www.charitynavigator.org/index.cfm?bay=search.summary&orgid=12211
12898,San Diego Coastkeeper, 2825 Dewey Road,http://www.sdcoastkeeper.org,1 stars,"$775,676 ",Environment : Environmental Protection and Conservation,www.charitynavigator.org/index.cfm?bay=search.summary&orgid=12898
7246,Scripture Memory Mountain Mission, 480 Camp Nathanael Road,,1 stars,"$1,675,837 ",Religion : Religious Activities,www.charitynavigator.org/index.cfm?bay=search.summary&orgid=7246
14624,Securing America's Future Energy, 1111 Nineteenth Street NW,http://oilembargo40.org/,1 stars,"$1,790,875 ",Public Benefit : Research and Public Policy Institutions,www.charitynavigator.org/index.cfm?bay=search.summary&orgid=14624
9555,Selous Foundation for Public Policy Research, 325 Pennsylvania Avenue SE,http://sfppr.org/,1 stars,"$752,476 ",Public Benefit : Research and Public Policy Institutions,www.charitynavigator.org/index.cfm?bay=search.summary&orgid=9555
7909,The Sentinel Group, P.O. Box 6334,http://www.sentinelgroup.org/,1 stars,"$324,508 ",Religion : Religious Activities,www.charitynavigator.org/index.cfm?bay=search.summary&orgid=7909
12783,Sephardic Food Fund, 8 West 40th St.,,1 stars,"$2,105,300 ",Human Services : Social Services,www.charitynavigator.org/index.cfm?bay=search.summary&orgid=12783
8704,Sheriffs' Association of Texas, 1601 South IH 35,http://www.txsheriffs.org/,1 stars,"$1,933,538 ",Human Services : Multipurpose Human Service Organizations,www.charitynavigator.org/index.cfm?bay=search.summary&orgid=8704
13888,Show-Me Christian Youth Home, 24302 Mahin Road,,1 stars,"$1,741,607 ",Human Services : Youth Development Shelter and Crisis Services,www.charitynavigator.org/index.cfm?bay=search.summary&orgid=13888
7687,SIECUS, 90 John Street,http://www.siecus.com,1 stars,"$600,899 ",Health : Treatment and Prevention Services,www.charitynavigator.org/index.cfm?bay=search.summary&orgid=7687
14765,SIFAT, 2944 County Road 113,http://sifat.org/,1 stars,"$1,862,849 ",Religion : Religious Activities,www.charitynavigator.org/index.cfm?bay=search.summary&orgid=14765
12248,Silicon Valley Creates (formerly Arts Council Silicon Valley), 4 North Second Street,http://www.svcreates.org/,1 stars,"$2,391,286 ",Public Benefit : Fundraising Organizations,www.charitynavigator.org/index.cfm?bay=search.summary&orgid=12248
13681,Sixth & I, 600 I Street NW,http://sixthandi.org/,1 stars,"$3,079,644 ",Religion : Religious Activities,www.charitynavigator.org/index.cfm?bay=search.summary&orgid=13681
4914,Solomon Schechter Day School of Nassau County and High School of Long Island, 27 Cedar Swamp Road,http://www.ssdsnassau.org,1 stars,"$9,290,727 ",Education : Private Elementary and Secondary Schools,www.charitynavigator.org/index.cfm?bay=search.summary&orgid=4914
6837,Sons of Italy Foundation, 219 E Street NE,http://www.osia.org/sif/index.php,1 stars,"$981,620 ",Public Benefit : Community and Housing Development,www.charitynavigator.org/index.cfm?bay=search.summary&orgid=6837
7299,SonScape Retreat Ministries, P.O. Box 700,http://sonscape.org/,1 stars,"$815,245 ",Religion : Religious Activities,www.charitynavigator.org/index.cfm?bay=search.summary&orgid=7299
13512,South Bend Hebrew Day School, 206 West 8th Street,,1 stars,"$1,669,098 ",Education : Private Elementary and Secondary Schools,www.charitynavigator.org/index.cfm?bay=search.summary&orgid=13512
12778,Special Olympics Louisiana, 1000 East Morris Avenue,http://laso.org/,1 stars,"$1,922,047 ",Human Services : Multipurpose Human Service Organizations,www.charitynavigator.org/index.cfm?bay=search.summary&orgid=12778
4502,Stan Hywet Hall & Gardens, 714 North Portage Path,http://www.stanhywet.org,1 stars,"$3,969,005 ",Arts Culture Humanities : Libraries Historical Societies and Landmark Preservation,www.charitynavigator.org/index.cfm?bay=search.summary&orgid=4502
14760,Stephen's Children, 3755 36th Street SE,,1 stars,"$1,174,491 ",International : Development and Relief Services,www.charitynavigator.org/index.cfm?bay=search.summary&orgid=14760
13553,Suffolk County Police Athletic League, 30 Yaphank Avenue,,1 stars,"$1,362,718 ",Human Services : Youth Development Shelter and Crisis Services,www.charitynavigator.org/index.cfm?bay=search.summary&orgid=13553
12681,Summer Camp Opportunities Promote Education (SCOPE), 253 West 35th Street,http://www.scope-ny.org,1 stars,"$1,067,653 ",Education : Other Education Programs and Services,www.charitynavigator.org/index.cfm?bay=search.summary&orgid=12681
13655,The Sun Valley Center for the Arts, The Center Ketchum,http://sunvalleycenter.org/,1 stars,"$2,690,544 ",Arts Culture Humanities : Performing Arts,www.charitynavigator.org/index.cfm?bay=search.summary&orgid=13655
8368,SuperChannel WACX-TV, 285 West Central Parkway,http://www.wacxtv.com,1 stars,"$3,230,125 ",Religion : Religious Media and Broadcasting,www.charitynavigator.org/index.cfm?bay=search.summary&orgid=8368
5247,Sword of the Lord, P.O. Box 1099,http://www.swordofthelord.com,1 stars,"$1,844,386 ",Religion : Religious Media and Broadcasting,www.charitynavigator.org/index.cfm?bay=search.summary&orgid=5247
15082,Symphony Orchestra Augusta, 1301 Greene Street,,1 stars,"$3,280,096 ",Arts Culture Humanities : Performing Arts,www.charitynavigator.org/index.cfm?bay=search.summary&orgid=15082
7790,Talmudical Yeshiva of Philadelphia, 6063 Drexel Road,,1 stars,"$4,633,300 ",Education : Private Elementary and Secondary Schools,www.charitynavigator.org/index.cfm?bay=search.summary&orgid=7790
12775,Teachers Without Borders, P.O. Box 25067,http://www.teacherswithoutborders.com,1 stars,"$60,713 ",International : Development and Relief Services,www.charitynavigator.org/index.cfm?bay=search.summary&orgid=12775
6371,Teen Challenge NorWestCal Nevada, 390 Mathew St,,1 stars,"$1,346,592 ",Health : Treatment and Prevention Services,www.charitynavigator.org/index.cfm?bay=search.summary&orgid=6371
9032,Teen Challenge of the Midlands, 900 North League Road,http://www.tcmid.org/,1 stars,"$1,890,510 ",Health : Treatment and Prevention Services,www.charitynavigator.org/index.cfm?bay=search.summary&orgid=9032
15398,Texas State Historical Association, 1400 West Highland Street,,1 stars,"$1,515,045 ",Arts Culture Humanities : Libraries Historical Societies and Landmark Preservation,www.charitynavigator.org/index.cfm?bay=search.summary&orgid=15398
15414,Texas Tech Alumni Association, McKenzie-Merket Alumni Center,,1 stars,"$3,090,772 ",Education : Other Education Programs and Services,www.charitynavigator.org/index.cfm?bay=search.summary&orgid=15414
8334,Thomas More Law Center, P.O. Box 393,http://www.thomasmore.org/,1 stars,"$1,641,607 ",Public Benefit : Advocacy and Civil Rights,www.charitynavigator.org/index.cfm?bay=search.summary&orgid=8334
8762,Thoroughbred Retirement Foundation, P.O. Box 3387,http://www.trfinc.org,1 stars,"$1,687,059 ",Animals : Animal Rights Welfare and Services,www.charitynavigator.org/index.cfm?bay=search.summary&orgid=8762
13776,Thunderbird Lodge Preservation Society, P.O. Box 6812,http://thunderbirdtahoe.org/,1 stars,"$2,397,767 ",Arts Culture Humanities : Libraries Historical Societies and Landmark Preservation,www.charitynavigator.org/index.cfm?bay=search.summary&orgid=13776
7650,Tiger Haven, 237 Harvey Road,http://www.tigerhaven.org/,1 stars,"$2,661,657 ",Animals : Wildlife Conservation,www.charitynavigator.org/index.cfm?bay=search.summary&orgid=7650
8400,Tiger Missing Link Foundation, 17552 FM 14,http://www.tigerlink.org/,1 stars,"$2,862,666 ",Animals : Wildlife Conservation,www.charitynavigator.org/index.cfm?bay=search.summary&orgid=8400
15451,Tomche Shabbos of Rockland County, 78 College Road,,1 stars,"$2,157,783 ",Human Services : Social Services,www.charitynavigator.org/index.cfm?bay=search.summary&orgid=15451
11404,Tomorrows Children's Fund, 30 Prospect Avenue,http://www.atcfkid.com,1 stars,"$1,742,939 ",Health : Patient and Family Support,www.charitynavigator.org/index.cfm?bay=search.summary&orgid=11404
6368,Tribe of Judah Motorcycle Ministries International, 123 McClellan Road,,1 stars,"$641,175 ",Religion : Religious Activities,www.charitynavigator.org/index.cfm?bay=search.summary&orgid=6368
5433,U.S. PIRG Education Fund, 44 Winter Street,,1 stars,"$1,767,595 ",Public Benefit : Advocacy and Civil Rights,www.charitynavigator.org/index.cfm?bay=search.summary&orgid=5433
9835,Union Mission, P.O. Box,,1 stars,"$4,849,490 ",Human Services : Homeless Services,www.charitynavigator.org/index.cfm?bay=search.summary&orgid=9835
5951,United Jewish Federation of Greater Stamford New Canaan and Darien, 1035 Newfield Avenue,http://www.ujf.org/,1 stars,"$1,535,540 ",Public Benefit : Fundraising Organizations,www.charitynavigator.org/index.cfm?bay=search.summary&orgid=5951
10020,United Methodist Homes of New Jersey Foundation, 3311 State Route 33,http://www.umhfoundation.org/,1 stars,"$1,271,359 ",Public Benefit : Fundraising Organizations,www.charitynavigator.org/index.cfm?bay=search.summary&orgid=10020
11009,United States Justice Foundation, 932 D Street,,1 stars,"$4,383,361 ",Public Benefit : Research and Public Policy Institutions,www.charitynavigator.org/index.cfm?bay=search.summary&orgid=11009
13870,United Way of Hudson County, 857 Bergen Avenue,http://www.unitedwayhudson.org/,1 stars,"$1,963,282 ",Public Benefit : Fundraising Organizations,www.charitynavigator.org/index.cfm?bay=search.summary&orgid=13870
14638,United Way of Southeast Arkansas, P.O. Box 8702,http://uwseark.org/,1 stars,"$1,425,736 ",Public Benefit : Fundraising Organizations,www.charitynavigator.org/index.cfm?bay=search.summary&orgid=14638
12925,University of Maryland Alumni Association, The Samuel Riggs IV Alumni Center,http://alumni.umd.edu/s/1132/start.aspx,1 stars,"$3,852,222 ",Education : Other Education Programs and Services,www.charitynavigator.org/index.cfm?bay=search.summary&orgid=12925
15447,UrbanGlass, 647 Fulton Street,http://www.urbanglass.org/,1 stars,"$1,274,862 ",Arts Culture Humanities : Performing Arts,www.charitynavigator.org/index.cfm?bay=search.summary&orgid=15447
14333,USA Canoe/Kayak, 725 South Lincoln Boulevard,http://www.teamusa.org/USA-Canoe-Kayak,1 stars,"$1,001,631 ",Human Services : Multipurpose Human Service Organizations,www.charitynavigator.org/index.cfm?bay=search.summary&orgid=14333
5985,Vaad L'Hatzolas Nidchei Yisroel, 1566 Coney Island Avenue,http://www.thevaad.com/,1 stars,"$789,702 ",Religion : Religious Activities,www.charitynavigator.org/index.cfm?bay=search.summary&orgid=5985
15253,Valley Interfaith Food & Clothing Center, 420 West Wyoming,http://www.vifcc.org/,1 stars,"$1,774,132 ",Human Services : Food Banks Food Pantries and Food Distribution,www.charitynavigator.org/index.cfm?bay=search.summary&orgid=15253
8504,Victory Ministries of Alaska, 64741 South Victory Road,http://www.victorymin.org/,1 stars,"$1,909,634 ",Religion : Religious Activities,www.charitynavigator.org/index.cfm?bay=search.summary&orgid=8504
13247,Virgin Unite USA, 65 Bleecker Street,http://www.virgin.com/unite,1 stars,"$4,961,248 ",International : Foreign Charity Support Organizations,www.charitynavigator.org/index.cfm?bay=search.summary&orgid=13247
8362,Virginia Opera, 160 East Virginia Beach Boulevard,,1 stars,"$7,605,510 ",Arts Culture Humanities : Performing Arts,www.charitynavigator.org/index.cfm?bay=search.summary&orgid=8362
4708,Walk Thru the Bible, 4201 North Peachtree Road,http://www.walkthru.org,1 stars,"$4,165,565 ",Religion : Religious Media and Broadcasting,www.charitynavigator.org/index.cfm?bay=search.summary&orgid=4708
15265,Warren Family Mission, 2671 Youngstown Road,http://warrenfamilymission.com/,1 stars,"$1,048,384 ",Human Services : Homeless Services,www.charitynavigator.org/index.cfm?bay=search.summary&orgid=15265
5998,The Way to Work, 1290 Avenue of the Americas,http://www.waytoworknyc.org,1 stars,"($181,187)",Human Services : Social Services,www.charitynavigator.org/index.cfm?bay=search.summary&orgid=5998
13466,Wayne Council of Parent Teacher Organizations, 50 Nellis Drive,,1 stars,"$1,217,381 ",Education : Other Education Programs and Services,www.charitynavigator.org/index.cfm?bay=search.summary&orgid=13466
8200,WCPE, P.O. Box 897,http://theclassicalstation.org,1 stars,"$1,814,583 ",Arts Culture Humanities : Public Broadcasting and Media,www.charitynavigator.org/index.cfm?bay=search.summary&orgid=8200
13947,We Care Program, 3493 Highway 21,http://www.wecareprogram.org/,1 stars,"$1,603,756 ",Religion : Religious Activities,www.charitynavigator.org/index.cfm?bay=search.summary&orgid=13947
5863,Wildlife WayStation, 14831 Little Tujunga Canyon Road,http://www.wildlifewaystation.org,1 stars,"$2,217,041 ",Animals : Animal Rights Welfare and Services,www.charitynavigator.org/index.cfm?bay=search.summary&orgid=5863
4745,Wisconsin Public Broadcasting Foundation, 3319 West Beltline Highway,http://www.ecb.org,1 stars,"$11,722,505 ",Arts Culture Humanities : Public Broadcasting and Media,www.charitynavigator.org/index.cfm?bay=search.summary&orgid=4745
10130,Women's Initiative for Self Employment, 1398 Valencia Street,http://www.womensinitiative.org,1 stars,"$4,170,480 ",Human Services : Social Services,www.charitynavigator.org/index.cfm?bay=search.summary&orgid=10130
11296,World Link Ministries, P.O. Box 153026,http://www.worldlinkministries.org,1 stars,"$1,000,166 ",Religion : Religious Activities,www.charitynavigator.org/index.cfm?bay=search.summary&orgid=11296
5873,World MAP, 1419 North San Fernando Boulevard,http://www.world-map.com,1 stars,"$754,133 ",Religion : Religious Media and Broadcasting,www.charitynavigator.org/index.cfm?bay=search.summary&orgid=5873
3318,World Villages for Children, 180 Admiral Cochrane Drive,http://www.worldvillages.org/,1 stars,"$8,817,365 ",International : Development and Relief Services,www.charitynavigator.org/index.cfm?bay=search.summary&orgid=3318
5772,WorldServe Ministries, P.O. Box 1509,http://www.worldserve.org,1 stars,"$508,987 ",Religion : Religious Activities,www.charitynavigator.org/index.cfm?bay=search.summary&orgid=5772
13789,Yavapai Humane Society, 1625 Sundog Ranch Road,http://www.yavapaihumane.org/,1 stars,"$1,999,787 ",Animals : Animal Rights Welfare and Services,www.charitynavigator.org/index.cfm?bay=search.summary&orgid=13789
13809,Yellowstone Art Museum, 401 North 27th Street,http://www.artmuseum.org/,1 stars,"$1,145,503 ",Arts Culture Humanities : Museums,www.charitynavigator.org/index.cfm?bay=search.summary&orgid=13809
4778,Yeshivat Shaare Torah, 1202 Avenue P,http://shaaretorahbhs.tripod.com/,1 stars,"$13,585,438 ",Education : Private Elementary and Secondary Schools,www.charitynavigator.org/index.cfm?bay=search.summary&orgid=4778
10763,YMCA of Sioux Falls, 230 South Minnesota Avenue,http://www.siouxfallsymca.org/,1 stars,"$3,478,875 ",Human Services : Multipurpose Human Service Organizations,www.charitynavigator.org/index.cfm?bay=search.summary&orgid=10763
8005,Youth Development Fund, Eight Canberra Drive,http://www.youthdevelopmentfund.org,1 stars,"$5,533,585 ",International : Humanitarian Relief Supplies,www.charitynavigator.org/index.cfm?bay=search.summary&orgid=8005
13212,Zion's Hope, P.O. Box 783369,http://www.zionshope.org,1 stars,"$2,524,190 ",Religion : Religious Activities,www.charitynavigator.org/index.cfm?bay=search.summary&orgid=13212
